{"version":2,"hash":{"type":"Buffer","data":"vLbcM+S6WN/VbN+2pXeRRC7Ni/vO8NhnzNlgJy9Fh4rkMh9AMqW2auWuscP8jpD6f1ELW94ooGh2WeKu8O3KKK9fg0hEC+02urb5P1+bkU0v9xuBMoQgdFLzLC0jyXPWR2Lv/mKteGQ76N6OWOeoOAXzAYR5dbY7fyMwUBnNc9s="},"indexValueMap":{"5Wcu3rvkPNd9ZoyUnboroNggeIskY07chLK58tM/63o=":{"valueMac":{"type":"Buffer","data":"DrMaoOB3it0+pO4QYDrUgE5cGpHir/8QMacOM2Ygj5I="}},"weWMXHEp5cuyPolrnHysi4iSTwsSMBmqBeMBGR+nUwc=":{"valueMac":{"type":"Buffer","data":"Gc11FLRNSzmzLONCggc61aIfPkDPSDXaQB1xXRLpp4c="}},"+XskPJo+K5lesq9YwK7d4no/KsF6tIoCLwMdP6cCM/A=":{"valueMac":{"type":"Buffer","data":"+YxnxuruknfT6tpU2EF9QV+c0qgjBOLp5MrflQsxgGE="}}}}