{"version":2,"hash":{"type":"Buffer","data":"XiBO8ynWq4Aq7afhTFga/STRFN9ypb2oaXMloyrE9ARCrRJuXQZf0tYojy5w6TvsqbU65Itwc936ALpFmizhCn4IwKjlDtmcVJfdSfF73PRqvCnG/f/u8iOKBpy5aQLPNxJC55ts7owM97bnzQDT8MKVjhPXBvWY89BRz3WcolU="},"indexValueMap":{"aKmbGnwcuxnhetaXZdqz+KWjU5idXtwKqCvazpV2sts=":{"valueMac":{"type":"Buffer","data":"zUWlREALwXyRQE0lbkZFIW6u+etxnkbJKoIx9MWWVvI="}},"nyq47Mlh0vqj3AHReqdBhEM7fr/nx3Orj2lUfi244mM=":{"valueMac":{"type":"Buffer","data":"vam9wlKcR/W3aJt+3i98my55g0SWwzx0eHqJ4xP03bI="}},"//AT+3ZKd+R0vWF57w6MyMgrVYVNBGo0pPEDw1kiL3Q=":{"valueMac":{"type":"Buffer","data":"gDE4M2kvD90/TOKqe2+dNzFXTuwLIh+tvPY2fJ/A4io="}},"3kXwSfOOBLbk2u84qAhuryGeH4VMZGaDcdAHca2Gqh0=":{"valueMac":{"type":"Buffer","data":"G/c7ZsilDOEVlKdcShHfkUWoUXJKPUf9u0s2joT8zgg="}},"RSwe2M3K9mI0YZkAC9OATfpF6sZ+n/urpLsd/jmgxkY=":{"valueMac":{"type":"Buffer","data":"WkEkihss2xhTK9sGV8wXaf6att2YrMLGTYCEC1RT2Is="}},"QXwvbPLZGuTMC6I9u0JYQB7NZi9WNFC03yk+XIcjkt4=":{"valueMac":{"type":"Buffer","data":"wrJFzVO1svEFk5OCJCZu/8N07aR6gRyqxKQ6okIH2AI="}},"HnkJ2kKp5ZGMzGT2+VMR0PxWsn97Y56iLf/gFVIJvm0=":{"valueMac":{"type":"Buffer","data":"2uhZGIcrHx4Gal9+nELE4c9Qak2qPrJGeXFGRfbl9kk="}},"QsnSa/kd13WgE5syvLoShvp1boqMsxxDpRTRhxnkDDQ=":{"valueMac":{"type":"Buffer","data":"+CSUX8O8dxjtB0fEhxC38k2dwR3mvJha5+LcTRbRoCs="}},"3GPGTsYrrsy1zpZGFXcvucTU4SNFVALr3bRWDKeQpuA=":{"valueMac":{"type":"Buffer","data":"OeXEfWwbXF82VUBSQMG56r8LXzrhnfeexFHB7hLtqUc="}},"yXGcfaTxpwueR5+Mi513fJksl81UC0UDZCqUGTZ0k8c=":{"valueMac":{"type":"Buffer","data":"X60sLRefceXoJ8BxPblUR08Bxu0Ma1niJMK80Rgdoyo="}},"SCwKuCKYDd757i1bNAjJ3XQ7T+yqYqExsLGk/ZM0HZ4=":{"valueMac":{"type":"Buffer","data":"PoXiYu6O1dhaZm5WtmTHqfpHC8idMIaXKWJcc971fKM="}},"sbwusfmAFTXzyi3RhmmdAMb78YSzJjvzj/Iq71/1m8w=":{"valueMac":{"type":"Buffer","data":"YST23/do+aRgL70FRSW5FnFJbBnVObdm0bWm/CFgvSY="}},"gmZ62ng/WQ0x2TTY9Y5SrPKoWcw9Iq9+w/LarTCFqaM=":{"valueMac":{"type":"Buffer","data":"QNBMvjoKs/m2Y8DHWM5N2jIie668nDRnqBzxjx5eEYM="}},"OtDW1Rouh1odrsd29Nm1gJldGMYJhTl6LDZ9w6ZooGs=":{"valueMac":{"type":"Buffer","data":"67VGHtUvqlZeZ/Q1v9cGWBKnuTaAkfxTNlcnmDFxM3M="}},"bqfuwM85AtTEoFPoKH7QpcZEYcqB7IAlnpaSJIGlEuw=":{"valueMac":{"type":"Buffer","data":"lF+Ode2kEyJ/OvnBAMN6+WiOhS0B6DN7ASPwDdsMbJI="}},"zVR7ykgB+TWyj71nW9to0w0FXF+kE65zuaQWdH8LyEA=":{"valueMac":{"type":"Buffer","data":"YmN/hseWAEcnex2M3Pk/ZW8uFjjZAnNX4CgMQuC4Agg="}},"ezXCDFoRD1lAiIK0qfHbljFwDZdHg5C7GMH7OJAvcf8=":{"valueMac":{"type":"Buffer","data":"y/d+K0UxT17j3vcpDidqCWa/56Q8/laemSY85QRT8/Q="}},"Yx+BimclPHTuwv3A1Rh8vvVst7R3XHkcYtfFT6v8OE8=":{"valueMac":{"type":"Buffer","data":"x+2mEUSDe314HbOV2XWqvWBgeRpCugkoyb6Lmr5HRzs="}},"kb1WvjRc3q+3k68fPhbBWNR09zw82oq6Nvd6dMdddus=":{"valueMac":{"type":"Buffer","data":"rPpM4MvUmNT81c2GBEsOZrPnsUp452jaQ5M2VhfwSj0="}},"X4PAftinjQjzqAcJayRHjVStS8ug8WwH7hAcnM794+w=":{"valueMac":{"type":"Buffer","data":"NzlMK0PbubgxeBifeRBEKFlAQD9ORYf6/YoQWfkNqYM="}},"wRQk6Pn1lwUtDisv4AT5A45y92vBI6E2AgFkndJ3Kdg=":{"valueMac":{"type":"Buffer","data":"AL7V938IQKrgIlvxdm6lNu8fETTXYcaEkhe2fws4F6Y="}},"8mQIhBbSykOz8919a75yB+bgJBUk+dXJAFhIsrYU9m8=":{"valueMac":{"type":"Buffer","data":"PGI996f1kG68DdQ56dT9zjTPW/e9H0BI1Ko4PaZOtDg="}},"tA63AxsFm65QBHsLw2KbeH5bjekHLUf0l5K2dZsAINI=":{"valueMac":{"type":"Buffer","data":"ExQMud/LYcDuUt7vigBSCMgaZONoTmGrqmT7u9ALJyk="}},"iaH4VH1YV0df2PDGbBzh7YQfT9hZ9UfgsdGPV5a5gXs=":{"valueMac":{"type":"Buffer","data":"U1A4vRdhUMsVzI5pdA0p3kWygGyHBzFo5qX++UEXuU0="}},"O3yJ1Obl4Ii+NdTwSZIa7IElDMdEdm0APWSIS618y9Y=":{"valueMac":{"type":"Buffer","data":"2/2J0E3QbBTpxb7wq6UG+C6rGwCODk0Wa5fuGFAQgeM="}},"hvaE3BAganWp7iwIkD4tSNgQ4+6fAqb+tkG2B18DfbI=":{"valueMac":{"type":"Buffer","data":"5YIDzJc+TQuOVaRcUUyvJZpzxsw9pD95R3MOgmlXH3Q="}},"S3zrAJYn97rZcXMlpTLhCCwZ4bRQ5DRVRAQlALDErHg=":{"valueMac":{"type":"Buffer","data":"ADPriv3C3Q6jiKnYWySGZ6QlssncNuQDnKe+xoH5ClQ="}},"y09ul6hawvgFzmGLN8/4EUMeyWMBiwmfXCYUd4uOmgU=":{"valueMac":{"type":"Buffer","data":"IhxZoeuiYRjHnbPnT8G0KujRju5pOg4pM18kxd9/UeE="}},"arqU37CSIUsN1mXiuuh7UKrWt7om1bPXQSdWyHyAD6I=":{"valueMac":{"type":"Buffer","data":"Xa9yhvfiA2A5e+QiyZ7VL+l72XumyqVJr3so2CsKCoc="}},"Nxn5lkKJAmZSmmcbRkXisZxtsPbCKv/5w2xTxpwcjn8=":{"valueMac":{"type":"Buffer","data":"yxU0L1HobOOk3sn6D79nPxO9Bxr5ECLCRB91gI0DvZs="}},"wavHeAygoWck1n27wwnOb3KujKvwpWRn38mhbartfps=":{"valueMac":{"type":"Buffer","data":"zzGwMR8fm+mdMHdnjmJycGPHv1Bn45xT9x+jOfVxP8U="}},"QvxJsIuDTExsFDIQ9NOLlO05xtTm0gfL1+ftXZ5Iw1Q=":{"valueMac":{"type":"Buffer","data":"8wBTyNPoBYrw5HrS5OKY5le8AyxJsxPcwBdG6b4CLfQ="}},"aoKrb+a1/1uJzoGCx5S37NDDQ/H+G2Wato2nBvVSFbg=":{"valueMac":{"type":"Buffer","data":"Bhh1Cch/XLSFt/gpHw/kVwpkw5zFb2SLvm2HlHHbABI="}},"wttoe9SleDDDRaODokRPDMpw9fO7NTvKD2BzjV42FNk=":{"valueMac":{"type":"Buffer","data":"/e4xJerxnkavg8BBj0uMZVoteRoPwHqCh71iY2pw4N8="}},"xVsFAzAtnzKNeoSCykHpvJs0bzyZPh8qgnuFU74hPX0=":{"valueMac":{"type":"Buffer","data":"mEs8DoIGANIaStM9oJ8y4zgfL02e1rzTB5ZpVDCLpm0="}},"HkR+JWzUZ/yuSLMvsBS8ldCWfufv8GncXZXfD1Q+Cn0=":{"valueMac":{"type":"Buffer","data":"uGIWek7lqkwDS3QhDx6Q8vKT1aaheRs7vH3kjP0IfaM="}},"roclsq7V7r7SJDQ9YgMeEfjwnMMCdYwT3CtgVmw4kHs=":{"valueMac":{"type":"Buffer","data":"Jd4p5tUxJbmzRsGH1yPEGjT2UcqHwUWoqtbMJWthKlA="}},"tC/Wl/9rMxD6YMZe5cn2kQP4FXEjZrhWUIWC7Vl8QGE=":{"valueMac":{"type":"Buffer","data":"moasUpdkvws8NmIUxchPsaikM9kdNErjfIl7ciiRT5Q="}},"BacGjzEYI9/zjexXThUd9oUrX3thHCs0TskSzmv2oTo=":{"valueMac":{"type":"Buffer","data":"g7wl5DPyorcs6Rr51mtQaQNmkDcFHNk7uSgPHmgxK5U="}},"nYLndeepbCncU/5iKqEF8NcMKilS1aYATUpx1rD7/QQ=":{"valueMac":{"type":"Buffer","data":"b6ir9TDw4qRHPUdk+hSjlj5mMAXUvokpEeUZidxfnNI="}},"UWy77+PhcDb58oCm0t2EPfckj5+tARH4RTuKCdLmdvk=":{"valueMac":{"type":"Buffer","data":"OqsJCEy8s5OAdZu5p1RLjQHUU7UPn/teHKb3J89hYy4="}},"+OZAQfg85FBoO2WQ0SI0kqSqwPu60O03CGJSCgUMEGM=":{"valueMac":{"type":"Buffer","data":"3w52XV0reW2W0BrrnSUwW8krP8LksCkY0/gpQlx5Yew="}},"BuAz7TrQX8xn5RGsoWm6B2X2Zz+c2QzqRmFHn8YPfc8=":{"valueMac":{"type":"Buffer","data":"vjhZraeoLXH3WFnDPUHSoW9TXymHJMp29a8Xr6JTEhA="}},"brYWe3YoJC5VSsEvJBgSfVjN6AlR6ebQ4pX+ozLIdzo=":{"valueMac":{"type":"Buffer","data":"vYwGhj5+9ZBHg3SP5XIp94DvG8smfj19kBGmr/iGN5s="}},"14Ck+lCqdSNDC7jyNeGpx6LfKHL8vIpb9nZVs0ab0KQ=":{"valueMac":{"type":"Buffer","data":"Gi1jTjA5s3N98LwZKIpwV/pbKSg3uHWBrFZL+pKQsjY="}},"y47h4sw8IcOX7OKAdIw2vTOouCoW2gFRKaJS5ibtzq4=":{"valueMac":{"type":"Buffer","data":"ocpjoxilsm+10wj89ksaw1aqDhANmYUmWogJGZ2hIEA="}},"c1Z750hf+FksNubw2HIrb81/J2KT4EO09yj6dohtsZY=":{"valueMac":{"type":"Buffer","data":"6SGn1iwYBGw0kg3Rmv6YaY52uCwQu8uX4MxXiOv89xc="}},"i5xYYtbN/bdp1dm+g1MG18UZ27utldaYbYIgB8njX1U=":{"valueMac":{"type":"Buffer","data":"jJMz54d/d/lzimYMb5v//GAMTlvNC1O9TTkG5huLyQk="}},"Tl49TwSvxcwcEfCDr6h2dilNpyHxprRXgAtOyVcVKI4=":{"valueMac":{"type":"Buffer","data":"SAFLOiP3YcbZnXb2lN4X8q2VLIhCGkJOCuJZbIl88Iw="}},"8s0b80ZRACdn7Y8PzD2/OwVUup925ViseODs8aKTnME=":{"valueMac":{"type":"Buffer","data":"2/z+InlqcP8UZDTNfGizkwPS0Hi/Sbq+pa2RWnRLAZQ="}},"FzSI5IikpzWusEUsMgZhQ//W83tMRWJf0O9gUQGVxCY=":{"valueMac":{"type":"Buffer","data":"2ZxEOfJ1AIjo8s3ZqlI4SAphZqmbM2b5T2HNyfctung="}},"vlizErgsLYqW9tunJ0s0jekk77/tMTDeX/RrDPZUWP0=":{"valueMac":{"type":"Buffer","data":"WoS2YpcD2yBIQ/cgwt8N00eqAp2qjXGsdLfv+DdycNw="}},"4HYEUybJGXnPy7cdFjqVw+3D4srDRrzkz07gdbLpUcg=":{"valueMac":{"type":"Buffer","data":"8+bb+raRZ+oode7ZOTR6POuVccOal8XJemMyV+PFoag="}},"JSkm7QF3RjPQqAZN9/upbF8H4W/gcuu1+ZQPLneRsPM=":{"valueMac":{"type":"Buffer","data":"jkW3H5VPG1Y/uwyuwclwJKnr2DmLFR5iUCwpEkDTCx4="}},"u3YsEeY5BX1YQt+k+CgDMSc00RXx1RMFEcbyBId+XUc=":{"valueMac":{"type":"Buffer","data":"E1jyFOsQv1vJQ3jsyvmeg5QTmIwbTzlNDvYwdiem1NU="}},"hxZFyHflrIolwOwc1PFjN7/6nOeg6f9ks+rT6B1po4k=":{"valueMac":{"type":"Buffer","data":"KXrbo+Qn7e6ko/FoGtS2n8kBBt+XDY+JEVj4b9TTjbo="}},"QCAX2/9Djcm4jhi07cxKnH0gTaSIRzMPG0KbKKA7pq4=":{"valueMac":{"type":"Buffer","data":"8x3/MB0uDr8hPaxwmOoTqW42kb+XHY8rKJiWL0eiFiw="}},"EEtb5uWUMBgdJWX4+kHpZ9JMSoSg/ltKkoQxyPq+UgA=":{"valueMac":{"type":"Buffer","data":"f6K9Ww/s/R+UfjTt1vLCWrY/R/vD1vd9AoSyd5k0/ag="}},"mBkTaKM4X0TzArv8yYmK0a1dPk1L69wjzbf4JZS45xU=":{"valueMac":{"type":"Buffer","data":"yhrv10JIXaDPeOyBx9X5lxjwoPTBZxzds+GsDL8uQXw="}},"nl/Zpsg6qRmrOZWJINXGO63ddCOLmDD1lqiehEhisaY=":{"valueMac":{"type":"Buffer","data":"BzL6Fqr+zqS9+4iGy32IBrvMP9lNLgOILdfKyKEZo0w="}},"U5F0OSuYe56Ki0ocRRVknYguGLeBvRO5JOK6D3s2/Tk=":{"valueMac":{"type":"Buffer","data":"tp5Yw0KejvH1l06j8gN4sM3wrnQa4Zolp01C9txEolE="}},"YLaSf1iulUC5SCA5RT0tsKOn1Nw8koQ0uvUWg1HrLGE=":{"valueMac":{"type":"Buffer","data":"ti5sqIE+5vz2JkibPzZguQ5s62nbVbGpV2cyBaVSWjo="}},"jgd7wISdPSld356eX6kK9fKPhKlQ0OAYykdEbIM/q5M=":{"valueMac":{"type":"Buffer","data":"9lsyerinyVoiVX5IlNif/mLkAIc7Ki3wsAbJEoX2zUg="}},"95+ZrobCcEWfzmE/x6Ko8x5KSmhqjyRpm7jVi6NL1/E=":{"valueMac":{"type":"Buffer","data":"FTPXDs194KaSHTBB/b1DiUBu/HznmrITzqy3pTn3o0w="}},"Kg9/WTfrB4EgZnGlS9c7iEBDdc6pk3JLxlzASMqpeQk=":{"valueMac":{"type":"Buffer","data":"Dgltg51yGDOi2fMU/NalnGufUbRx+YznbRVDSL4Jc18="}},"ryn3tXG705cSlAgzZBIqW1o4hrIvPhCWSR03cDq/DQs=":{"valueMac":{"type":"Buffer","data":"wpfkfh8BcvDjkeV/GrOLbPs4+TU2gfSRuIsbFDYDPq4="}},"uccXd8/SzRGiEIQPpEJDw4pQ3/N2Ax3tEsczTYbjQfI=":{"valueMac":{"type":"Buffer","data":"UaOzz+HuHkEx/VTMXN5Dm6IlyPfW8iyPuXzgm07HkaE="}},"z8qDybwJ62UoM7w4UJ0vkyGy1HaGw4o1FcLQKs9y+5A=":{"valueMac":{"type":"Buffer","data":"IwqFN9E5p53QOdJjBxAGcI6Rrhqn9K17DhB3GSj6RiY="}},"8dDYETPaDL1K84+RhAfulbo84hkBWhOmsr4mz/D/tgQ=":{"valueMac":{"type":"Buffer","data":"jP5m1vxY3tssKYnAI9n/Du4Xaxh04HMOsCVaCnqGoiM="}},"48sOYZs0qp9HBWKYEHsI8grqFLud/3UX/vCB/mtdd1o=":{"valueMac":{"type":"Buffer","data":"pWH0Sn4zMnHh1YN2JP+5KpjuNXF1cSQFd0T2Rat/alI="}},"Uoi2eUNy0isJPZuQKjd3xEwHExXvmFb1XoxDXEk57Pc=":{"valueMac":{"type":"Buffer","data":"oDRJ2NkYjULx4KQEfJzOq3BBpoECIRoSaJYanLOChv4="}},"JL/dHQPo031YsB3/rHW4eojrVAh6APdMB7bCcuJUy44=":{"valueMac":{"type":"Buffer","data":"uySpOPY1kWWTWKVlTLfbez0FLAefLbJvU0uYQrA0a2Y="}},"XP97mYkTZ8ipo51YSP6xDPpCXHTw3Dc/RtcThd6QPiY=":{"valueMac":{"type":"Buffer","data":"xz8NelGmFuj62k2VR8a/pYl6i+5KD91cHo+MHqVRVS0="}},"8Rpg/BBUHenOmf2xeZ/8ILItlLX3UOZzv5VHLaaU5x4=":{"valueMac":{"type":"Buffer","data":"HtXriCTGzvlNH1YC92hPEeVUJfesxEQe3Lgo1w+lh4M="}},"rVmTowMZ2n64ONC0I4gU/Z9qubd1PxG8lq4Bls51f9c=":{"valueMac":{"type":"Buffer","data":"J47E4no6S8mjzlVlSsS7IWJaYVETymeOdDlmajEXfuc="}},"VpGl13b0GL8Nog758oVKk4jDL04DvglGY0+F/V+vJJ4=":{"valueMac":{"type":"Buffer","data":"+SbSPQeJ85kgXKtohD6rWvWp2HMJpCFpa4Y9FCRPPT0="}},"4vmT7LnpC3Jc7jrjkSLDkuuxzczasSPiYuIQdEejpvg=":{"valueMac":{"type":"Buffer","data":"qrMJ0nYQfYI7KvUXEjWa+zxNBRyPow40+yB8ZBQjX/g="}},"zKc2Lts5g8BMm5Q9zbjvOQ4HI65Nsi8FwAmIQ70s6Lg=":{"valueMac":{"type":"Buffer","data":"n1ajFnq820BzHvPT25J51hHYLxG6XTdoteSk1I1Delg="}},"FNluBeBTfd/Oy3OH7HGjEONj2PmS4bcuZrZoay3D5So=":{"valueMac":{"type":"Buffer","data":"E9yx3Wn4ej+Y++WtYmMaYcenlsyAR1zNseBkiIfqLOQ="}},"uRbFpNdElBsefNoRw+EH2T0awNqtGn1uC7yB/fEjAOM=":{"valueMac":{"type":"Buffer","data":"Ztc0rbxg/QnJMgfn+3EV31ksZP1pqJxJ95xK88M5NkM="}},"JizXs3Sfs3zQJJNxgZAMFhLyBtmn/Ba9ESrlbo5QJhQ=":{"valueMac":{"type":"Buffer","data":"sDjPJ8m/lo6/NeuUrqmrg4IMvPaS6lhLbMSSIObaGxE="}},"ucM9QrdJMQEQXXdebyz1LNCPDhXa8rsCtBCH/tiQUEI=":{"valueMac":{"type":"Buffer","data":"+stBUA/7GRjDgWeLsxlHbrxWXpGVST14eLE1czMDYC4="}},"j7NXx8XOXLlYEt/4tRZ/JXr3eRwiupL7cLzj25Yoly4=":{"valueMac":{"type":"Buffer","data":"B/ZdGSHdd06HxQgmqysBvZO9wP1ntYOeTZXE/V0mJw8="}},"piesQykIbK+hhxu52g/cvRvnVWkzM+gzyYKHA8fU8Ns=":{"valueMac":{"type":"Buffer","data":"Ek1c5erGxy9ANr6xdEu9lq4zuornweWEWylQBjwSJn4="}}}}