{"version":2,"hash":{"type":"Buffer","data":"AWK3w4xAKGrkS6BFnIcusViM2PryE97N1s52btNrP38Atwrcoq2cES3cqEKHaMBN9IbYf2cuUGLbEpjysVTNGPCqOTn02OxH+D+vawsN0qb08n1yL6WIwS1vOZdrndJ9ZlwACbgSSw7hrOFq19Js4dDtpUWn2Cg/pj/60kLgb38="},"indexValueMap":{"Y8HTJkM6PSLB1WNKKlO4ZTQ2AEBGbLG6jBj9jnAZuyo=":{"valueMac":{"type":"Buffer","data":"zEBzRlUaXcqMcw+4GWTYTTeMNr5iw44kT3a8i1L7/lU="}},"KargwPe5geSBx+TgdtoDyxaub2b1J6o+0W676HJeIiY=":{"valueMac":{"type":"Buffer","data":"CcaQCbw774tc+BP9OSM36ay0kTdKe/VGPbHiTg9Q/t4="}},"xxmscZ3eT3AzsdHgd0U7B3WUunJ8IaUShFOS7babtjg=":{"valueMac":{"type":"Buffer","data":"hGtmw4g9k18v1lwrJV+JDgLl77oIvqb03ALA4IwJizo="}},"iTQWI2zw/i2VlkrNnF+US8JJbfUGK99gd18vpctalbA=":{"valueMac":{"type":"Buffer","data":"4sNTP3tXTx+MP25slPY2623hhtCLul6lezKT+kOosYk="}},"qTr4/nsFlgfBC3ehtEekufXpoAVLOrDAWSn8Sdsqtvk=":{"valueMac":{"type":"Buffer","data":"EYbroE/76NKQpdsaem9O+Hx/LuZlEhhuF+QsLPjZ2yM="}},"IQVqmnBXq7Sm30F4BnUY51Xjox+vF19vF6I1fcv4994=":{"valueMac":{"type":"Buffer","data":"R/3reDux2wbUI0Pr4FtuX83yqb7D2OYMitmrppm4hzI="}},"pwdzPNt+O9vnUzKtJ+7+sB6G9WNGMQGqbHDvY3etU7k=":{"valueMac":{"type":"Buffer","data":"swq1wBSUbj/6ODyximOHAwOSnJvaRSfXnQ/o2+BYn1U="}}}}