{"noiseKey":{"private":{"type":"Buffer","data":"MF2qOBrUIpR2mwEayZ5mfKHPixoUxfx8jZ+ZlJWVXEc="},"public":{"type":"Buffer","data":"smZpRlylBzMqPugo/IQYBpfb2U5zwlO2lFW4D1zpdGo="}},"pairingEphemeralKeyPair":{"private":{"type":"Buffer","data":"YNYVYNlq63cTWg46POlHXXqCccqp2S88qZXeR6T6v00="},"public":{"type":"Buffer","data":"Q1nwUYNmjv61qWv9CBIxAK36djUvQTyf2AHepK36ZDw="}},"signedIdentityKey":{"private":{"type":"Buffer","data":"aJ0cfXjatnb5T0l8bqO7kEqKJMLHyvTo8LOF5UUaiEI="},"public":{"type":"Buffer","data":"G95y/mZeVxPgd2kPFg+/BZk+tS8eoKtssxJiK8GJ4Qw="}},"signedPreKey":{"keyPair":{"private":{"type":"Buffer","data":"4IWSoR0hVa8YziQy0wa1VJf5Lpq+AD/aY6QcK7XMnGI="},"public":{"type":"Buffer","data":"RBfjmQo7G/wZ3fgDPk0SON8NEd28k6jDRkvOhg5Enxk="}},"signature":{"type":"Buffer","data":"fumsftj7aS11Pe1bDdk7AOTpyTgezcFZMCiEo6coJJRNMIWCnvaFBBrbpJ0lfu7Dv2wOnUtDcpBLIrrETABWhA=="},"keyId":1},"registrationId":104,"advSecretKey":"HOKchNf8a0V4py+TestW+SBrP5OSNqb4/PvDl18qho4=","processedHistoryMessages":[],"nextPreKeyId":31,"firstUnuploadedPreKeyId":31,"accountSyncCounter":0,"accountSettings":{"unarchiveChats":false},"registered":false,"account":{"details":"CM/hpfABEN2TiccGGAEgACgA","accountSignatureKey":"pt9cjxvpUxfU4tLkFKyyJ9FvQI+H2dIw+QUlDUkjH24=","accountSignature":"+21bBJgfOqhLIpRwbiKZ+BjtYlegqDDVNps0W6J9edqOiTmLPsn2BJiMHVwwZaEykNyVxu6AcnaVCKOODP4bBQ==","deviceSignature":"CPzeK+Tj3zqKHL0bpasxkhOabb01XdCsDVgU1gEDOsa7x3OTFDKD1FdUisiZ622EIm4bIUsa75dqWFMjDNJpig=="},"me":{"id":"6282246597590:1@s.whatsapp.net","lid":"163359769018604:1@lid","name":"AUREX"},"signalIdentities":[{"identifier":{"name":"6282246597590:1@s.whatsapp.net","deviceId":0},"identifierKey":{"type":"Buffer","data":"BabfXI8b6VMX1OLS5BSssifRb0CPh9nSMPkFJQ1JIx9u"}}],"platform":"android","routingInfo":{"type":"Buffer","data":"CAUIDQ=="},"lastAccountSyncTimestamp":1759661561,"myAppStateKeyId":"AAAAAOP2","lastPropHash":"1K4hH4"}