{
  "6288212729917@s.whatsapp.net": [
    {
      "time": 1759660585846,
      "text": "/menu"
    },
    {
      "time": 1759660587301,
      "text": "⚠️ Command tidak dikenali. Ketik /help untuk daftar perintah."
    },
    {
      "time": 1759660588572,
      "text": "AUREX (AI error): Traceback (most recent call last):   File \"/data/data/com.termux/files/home/wa-ai/ai_query.py\", line 3, in <module>     from transformers import AutoTokenizer, AutoModelForCausalLM, pipeline"
    },
    {
      "time": 1759660589801,
      "text": "AUREX (AI error): Traceback (most recent call last):   File \"/data/data/com.termux/files/home/wa-ai/ai_query.py\", line 3, in <module>     from transformers import AutoTokenizer, AutoModelForCausalLM, pipeline"
    },
    {
      "time": 1759660591019,
      "text": "AUREX (AI error): Traceback (most recent call last):   File \"/data/data/com.termux/files/home/wa-ai/ai_query.py\", line 3, in <module>     from transformers import AutoTokenizer, AutoModelForCausalLM, pipeline"
    },
    {
      "time": 1759660592263,
      "text": "AUREX (AI error): Traceback (most recent call last):   File \"/data/data/com.termux/files/home/wa-ai/ai_query.py\", line 3, in <module>     from transformers import AutoTokenizer, AutoModelForCausalLM, pipeline"
    },
    {
      "time": 1759660593491,
      "text": "AUREX (AI error): Traceback (most recent call last):   File \"/data/data/com.termux/files/home/wa-ai/ai_query.py\", line 3, in <module>     from transformers import AutoTokenizer, AutoModelForCausalLM, pipeline"
    },
    {
      "time": 1759660594719,
      "text": "AUREX (AI error): Traceback (most recent call last):   File \"/data/data/com.termux/files/home/wa-ai/ai_query.py\", line 3, in <module>     from transformers import AutoTokenizer, AutoModelForCausalLM, pipeline"
    },
    {
      "time": 1759660595934,
      "text": "AUREX (AI error): Traceback (most recent call last):   File \"/data/data/com.termux/files/home/wa-ai/ai_query.py\", line 3, in <module>     from transformers import AutoTokenizer, AutoModelForCausalLM, pipeline"
    },
    {
      "time": 1759660597144,
      "text": "AUREX (AI error): Traceback (most recent call last):   File \"/data/data/com.termux/files/home/wa-ai/ai_query.py\", line 3, in <module>     from transformers import AutoTokenizer, AutoModelForCausalLM, pipeline"
    },
    {
      "time": 1759660598369,
      "text": "AUREX (AI error): Traceback (most recent call last):   File \"/data/data/com.termux/files/home/wa-ai/ai_query.py\", line 3, in <module>     from transformers import AutoTokenizer, AutoModelForCausalLM, pipeline"
    },
    {
      "time": 1759660598475,
      "text": "/start"
    },
    {
      "time": 1759660599593,
      "text": "AUREX (AI error): Traceback (most recent call last):   File \"/data/data/com.termux/files/home/wa-ai/ai_query.py\", line 3, in <module>     from transformers import AutoTokenizer, AutoModelForCausalLM, pipeline"
    },
    {
      "time": 1759660600705,
      "text": "AUREX (AI error): Traceback (most recent call last):   File \"/data/data/com.termux/files/home/wa-ai/ai_query.py\", line 3, in <module>     from transformers import AutoTokenizer, AutoModelForCausalLM, pipeline"
    },
    {
      "time": 1759660601915,
      "text": "AUREX (AI error): Traceback (most recent call last):   File \"/data/data/com.termux/files/home/wa-ai/ai_query.py\", line 3, in <module>     from transformers import AutoTokenizer, AutoModelForCausalLM, pipeline"
    },
    {
      "time": 1759660603166,
      "text": "AUREX (AI error): Traceback (most recent call last):   File \"/data/data/com.termux/files/home/wa-ai/ai_query.py\", line 3, in <module>     from transformers import AutoTokenizer, AutoModelForCausalLM, pipeline"
    },
    {
      "time": 1759660604369,
      "text": "AUREX (AI error): Traceback (most recent call last):   File \"/data/data/com.termux/files/home/wa-ai/ai_query.py\", line 3, in <module>     from transformers import AutoTokenizer, AutoModelForCausalLM, pipeline"
    },
    {
      "time": 1759660605625,
      "text": "AUREX (AI error): Traceback (most recent call last):   File \"/data/data/com.termux/files/home/wa-ai/ai_query.py\", line 3, in <module>     from transformers import AutoTokenizer, AutoModelForCausalLM, pipeline"
    },
    {
      "time": 1759660606876,
      "text": "AUREX (AI error): Traceback (most recent call last):   File \"/data/data/com.termux/files/home/wa-ai/ai_query.py\", line 3, in <module>     from transformers import AutoTokenizer, AutoModelForCausalLM, pipeline"
    },
    {
      "time": 1759660608130,
      "text": "AUREX (AI error): Traceback (most recent call last):   File \"/data/data/com.termux/files/home/wa-ai/ai_query.py\", line 3, in <module>     from transformers import AutoTokenizer, AutoModelForCausalLM, pipeline"
    },
    {
      "time": 1759660609505,
      "text": "AUREX (AI error): Traceback (most recent call last):   File \"/data/data/com.termux/files/home/wa-ai/ai_query.py\", line 3, in <module>     from transformers import AutoTokenizer, AutoModelForCausalLM, pipeline"
    },
    {
      "time": 1759660610733,
      "text": "AUREX (AI error): Traceback (most recent call last):   File \"/data/data/com.termux/files/home/wa-ai/ai_query.py\", line 3, in <module>     from transformers import AutoTokenizer, AutoModelForCausalLM, pipeline"
    },
    {
      "time": 1759660611913,
      "text": "AUREX (AI error): Traceback (most recent call last):   File \"/data/data/com.termux/files/home/wa-ai/ai_query.py\", line 3, in <module>     from transformers import AutoTokenizer, AutoModelForCausalLM, pipeline"
    },
    {
      "time": 1759660613102,
      "text": "AUREX (AI error): Traceback (most recent call last):   File \"/data/data/com.termux/files/home/wa-ai/ai_query.py\", line 3, in <module>     from transformers import AutoTokenizer, AutoModelForCausalLM, pipeline"
    },
    {
      "time": 1759660614034,
      "text": "AUREX (AI error): Traceback (most recent call last):   File \"/data/data/com.termux/files/home/wa-ai/ai_query.py\", line 3, in <module>     from transformers import AutoTokenizer, AutoModelForCausalLM, pipeline"
    },
    {
      "time": 1759660615269,
      "text": "AUREX (AI error): Traceback (most recent call last):   File \"/data/data/com.termux/files/home/wa-ai/ai_query.py\", line 3, in <module>     from transformers import AutoTokenizer, AutoModelForCausalLM, pipeline"
    },
    {
      "time": 1759660616500,
      "text": "AUREX (AI error): Traceback (most recent call last):   File \"/data/data/com.termux/files/home/wa-ai/ai_query.py\", line 3, in <module>     from transformers import AutoTokenizer, AutoModelForCausalLM, pipeline"
    },
    {
      "time": 1759660617804,
      "text": "AUREX (AI error): Traceback (most recent call last):   File \"/data/data/com.termux/files/home/wa-ai/ai_query.py\", line 3, in <module>     from transformers import AutoTokenizer, AutoModelForCausalLM, pipeline"
    },
    {
      "time": 1759660619043,
      "text": "AUREX (AI error): Traceback (most recent call last):   File \"/data/data/com.termux/files/home/wa-ai/ai_query.py\", line 3, in <module>     from transformers import AutoTokenizer, AutoModelForCausalLM, pipeline"
    },
    {
      "time": 1759660620317,
      "text": "AUREX (AI error): Traceback (most recent call last):   File \"/data/data/com.termux/files/home/wa-ai/ai_query.py\", line 3, in <module>     from transformers import AutoTokenizer, AutoModelForCausalLM, pipeline"
    },
    {
      "time": 1759660621590,
      "text": "AUREX (AI error): Traceback (most recent call last):   File \"/data/data/com.termux/files/home/wa-ai/ai_query.py\", line 3, in <module>     from transformers import AutoTokenizer, AutoModelForCausalLM, pipeline"
    },
    {
      "time": 1759660623060,
      "text": "AUREX (AI error): Traceback (most recent call last):   File \"/data/data/com.termux/files/home/wa-ai/ai_query.py\", line 3, in <module>     from transformers import AutoTokenizer, AutoModelForCausalLM, pipeline"
    },
    {
      "time": 1759660624292,
      "text": "AUREX (AI error): Traceback (most recent call last):   File \"/data/data/com.termux/files/home/wa-ai/ai_query.py\", line 3, in <module>     from transformers import AutoTokenizer, AutoModelForCausalLM, pipeline"
    },
    {
      "time": 1759660625521,
      "text": "AUREX (AI error): Traceback (most recent call last):   File \"/data/data/com.termux/files/home/wa-ai/ai_query.py\", line 3, in <module>     from transformers import AutoTokenizer, AutoModelForCausalLM, pipeline"
    },
    {
      "time": 1759660626770,
      "text": "AUREX (AI error): Traceback (most recent call last):   File \"/data/data/com.termux/files/home/wa-ai/ai_query.py\", line 3, in <module>     from transformers import AutoTokenizer, AutoModelForCausalLM, pipeline"
    },
    {
      "time": 1759660627981,
      "text": "AUREX (AI error): Traceback (most recent call last):   File \"/data/data/com.termux/files/home/wa-ai/ai_query.py\", line 3, in <module>     from transformers import AutoTokenizer, AutoModelForCausalLM, pipeline"
    },
    {
      "time": 1759660629330,
      "text": "AUREX (AI error): Traceback (most recent call last):   File \"/data/data/com.termux/files/home/wa-ai/ai_query.py\", line 3, in <module>     from transformers import AutoTokenizer, AutoModelForCausalLM, pipeline"
    },
    {
      "time": 1759660630668,
      "text": "AUREX (AI error): Traceback (most recent call last):   File \"/data/data/com.termux/files/home/wa-ai/ai_query.py\", line 3, in <module>     from transformers import AutoTokenizer, AutoModelForCausalLM, pipeline"
    },
    {
      "time": 1759660631953,
      "text": "AUREX (AI error): Traceback (most recent call last):   File \"/data/data/com.termux/files/home/wa-ai/ai_query.py\", line 3, in <module>     from transformers import AutoTokenizer, AutoModelForCausalLM, pipeline"
    },
    {
      "time": 1759660633185,
      "text": "AUREX (AI error): Traceback (most recent call last):   File \"/data/data/com.termux/files/home/wa-ai/ai_query.py\", line 3, in <module>     from transformers import AutoTokenizer, AutoModelForCausalLM, pipeline"
    },
    {
      "time": 1759660634751,
      "text": "AUREX (AI error): Traceback (most recent call last):   File \"/data/data/com.termux/files/home/wa-ai/ai_query.py\", line 3, in <module>     from transformers import AutoTokenizer, AutoModelForCausalLM, pipeline"
    },
    {
      "time": 1759660635966,
      "text": "AUREX (AI error): Traceback (most recent call last):   File \"/data/data/com.termux/files/home/wa-ai/ai_query.py\", line 3, in <module>     from transformers import AutoTokenizer, AutoModelForCausalLM, pipeline"
    },
    {
      "time": 1759660637185,
      "text": "AUREX (AI error): Traceback (most recent call last):   File \"/data/data/com.termux/files/home/wa-ai/ai_query.py\", line 3, in <module>     from transformers import AutoTokenizer, AutoModelForCausalLM, pipeline"
    },
    {
      "time": 1759660638595,
      "text": "AUREX (AI error): Traceback (most recent call last):   File \"/data/data/com.termux/files/home/wa-ai/ai_query.py\", line 3, in <module>     from transformers import AutoTokenizer, AutoModelForCausalLM, pipeline"
    },
    {
      "time": 1759660639848,
      "text": "AUREX (AI error): Traceback (most recent call last):   File \"/data/data/com.termux/files/home/wa-ai/ai_query.py\", line 3, in <module>     from transformers import AutoTokenizer, AutoModelForCausalLM, pipeline"
    },
    {
      "time": 1759660641081,
      "text": "AUREX (AI error): Traceback (most recent call last):   File \"/data/data/com.termux/files/home/wa-ai/ai_query.py\", line 3, in <module>     from transformers import AutoTokenizer, AutoModelForCausalLM, pipeline"
    },
    {
      "time": 1759660642335,
      "text": "AUREX (AI error): Traceback (most recent call last):   File \"/data/data/com.termux/files/home/wa-ai/ai_query.py\", line 3, in <module>     from transformers import AutoTokenizer, AutoModelForCausalLM, pipeline"
    },
    {
      "time": 1759660643668,
      "text": "AUREX (AI error): Traceback (most recent call last):   File \"/data/data/com.termux/files/home/wa-ai/ai_query.py\", line 3, in <module>     from transformers import AutoTokenizer, AutoModelForCausalLM, pipeline"
    },
    {
      "time": 1759660644878,
      "text": "AUREX (AI error): Traceback (most recent call last):   File \"/data/data/com.termux/files/home/wa-ai/ai_query.py\", line 3, in <module>     from transformers import AutoTokenizer, AutoModelForCausalLM, pipeline"
    },
    {
      "time": 1759660646198,
      "text": "AUREX (AI error): Traceback (most recent call last):   File \"/data/data/com.termux/files/home/wa-ai/ai_query.py\", line 3, in <module>     from transformers import AutoTokenizer, AutoModelForCausalLM, pipeline"
    },
    {
      "time": 1759660647539,
      "text": "AUREX (AI error): Traceback (most recent call last):   File \"/data/data/com.termux/files/home/wa-ai/ai_query.py\", line 3, in <module>     from transformers import AutoTokenizer, AutoModelForCausalLM, pipeline"
    },
    {
      "time": 1759660648749,
      "text": "AUREX (AI error): Traceback (most recent call last):   File \"/data/data/com.termux/files/home/wa-ai/ai_query.py\", line 3, in <module>     from transformers import AutoTokenizer, AutoModelForCausalLM, pipeline"
    },
    {
      "time": 1759660650049,
      "text": "AUREX (AI error): Traceback (most recent call last):   File \"/data/data/com.termux/files/home/wa-ai/ai_query.py\", line 3, in <module>     from transformers import AutoTokenizer, AutoModelForCausalLM, pipeline"
    },
    {
      "time": 1759660651290,
      "text": "AUREX (AI error): Traceback (most recent call last):   File \"/data/data/com.termux/files/home/wa-ai/ai_query.py\", line 3, in <module>     from transformers import AutoTokenizer, AutoModelForCausalLM, pipeline"
    },
    {
      "time": 1759660652529,
      "text": "AUREX (AI error): Traceback (most recent call last):   File \"/data/data/com.termux/files/home/wa-ai/ai_query.py\", line 3, in <module>     from transformers import AutoTokenizer, AutoModelForCausalLM, pipeline"
    },
    {
      "time": 1759660653753,
      "text": "AUREX (AI error): Traceback (most recent call last):   File \"/data/data/com.termux/files/home/wa-ai/ai_query.py\", line 3, in <module>     from transformers import AutoTokenizer, AutoModelForCausalLM, pipeline"
    },
    {
      "time": 1759660655221,
      "text": "AUREX (AI error): Traceback (most recent call last):   File \"/data/data/com.termux/files/home/wa-ai/ai_query.py\", line 3, in <module>     from transformers import AutoTokenizer, AutoModelForCausalLM, pipeline"
    },
    {
      "time": 1759660656461,
      "text": "AUREX (AI error): Traceback (most recent call last):   File \"/data/data/com.termux/files/home/wa-ai/ai_query.py\", line 3, in <module>     from transformers import AutoTokenizer, AutoModelForCausalLM, pipeline"
    },
    {
      "time": 1759660657694,
      "text": "AUREX (AI error): Traceback (most recent call last):   File \"/data/data/com.termux/files/home/wa-ai/ai_query.py\", line 3, in <module>     from transformers import AutoTokenizer, AutoModelForCausalLM, pipeline"
    },
    {
      "time": 1759660659187,
      "text": "AUREX (AI error): Traceback (most recent call last):   File \"/data/data/com.termux/files/home/wa-ai/ai_query.py\", line 3, in <module>     from transformers import AutoTokenizer, AutoModelForCausalLM, pipeline"
    },
    {
      "time": 1759660660413,
      "text": "AUREX (AI error): Traceback (most recent call last):   File \"/data/data/com.termux/files/home/wa-ai/ai_query.py\", line 3, in <module>     from transformers import AutoTokenizer, AutoModelForCausalLM, pipeline"
    },
    {
      "time": 1759660661641,
      "text": "AUREX (AI error): Traceback (most recent call last):   File \"/data/data/com.termux/files/home/wa-ai/ai_query.py\", line 3, in <module>     from transformers import AutoTokenizer, AutoModelForCausalLM, pipeline"
    },
    {
      "time": 1759660662871,
      "text": "AUREX (AI error): Traceback (most recent call last):   File \"/data/data/com.termux/files/home/wa-ai/ai_query.py\", line 3, in <module>     from transformers import AutoTokenizer, AutoModelForCausalLM, pipeline"
    },
    {
      "time": 1759660664080,
      "text": "AUREX (AI error): Traceback (most recent call last):   File \"/data/data/com.termux/files/home/wa-ai/ai_query.py\", line 3, in <module>     from transformers import AutoTokenizer, AutoModelForCausalLM, pipeline"
    },
    {
      "time": 1759660665314,
      "text": "AUREX (AI error): Traceback (most recent call last):   File \"/data/data/com.termux/files/home/wa-ai/ai_query.py\", line 3, in <module>     from transformers import AutoTokenizer, AutoModelForCausalLM, pipeline"
    },
    {
      "time": 1759660666544,
      "text": "AUREX (AI error): Traceback (most recent call last):   File \"/data/data/com.termux/files/home/wa-ai/ai_query.py\", line 3, in <module>     from transformers import AutoTokenizer, AutoModelForCausalLM, pipeline"
    },
    {
      "time": 1759660667832,
      "text": "AUREX (AI error): Traceback (most recent call last):   File \"/data/data/com.termux/files/home/wa-ai/ai_query.py\", line 3, in <module>     from transformers import AutoTokenizer, AutoModelForCausalLM, pipeline"
    },
    {
      "time": 1759660669263,
      "text": "AUREX (AI error): Traceback (most recent call last):   File \"/data/data/com.termux/files/home/wa-ai/ai_query.py\", line 3, in <module>     from transformers import AutoTokenizer, AutoModelForCausalLM, pipeline"
    },
    {
      "time": 1759660670454,
      "text": "AUREX (AI error): Traceback (most recent call last):   File \"/data/data/com.termux/files/home/wa-ai/ai_query.py\", line 3, in <module>     from transformers import AutoTokenizer, AutoModelForCausalLM, pipeline"
    },
    {
      "time": 1759660671670,
      "text": "AUREX (AI error): Traceback (most recent call last):   File \"/data/data/com.termux/files/home/wa-ai/ai_query.py\", line 3, in <module>     from transformers import AutoTokenizer, AutoModelForCausalLM, pipeline"
    },
    {
      "time": 1759660672914,
      "text": "AUREX (AI error): Traceback (most recent call last):   File \"/data/data/com.termux/files/home/wa-ai/ai_query.py\", line 3, in <module>     from transformers import AutoTokenizer, AutoModelForCausalLM, pipeline"
    },
    {
      "time": 1759660674216,
      "text": "AUREX (AI error): Traceback (most recent call last):   File \"/data/data/com.termux/files/home/wa-ai/ai_query.py\", line 3, in <module>     from transformers import AutoTokenizer, AutoModelForCausalLM, pipeline"
    },
    {
      "time": 1759660675449,
      "text": "AUREX (AI error): Traceback (most recent call last):   File \"/data/data/com.termux/files/home/wa-ai/ai_query.py\", line 3, in <module>     from transformers import AutoTokenizer, AutoModelForCausalLM, pipeline"
    },
    {
      "time": 1759660676683,
      "text": "AUREX (AI error): Traceback (most recent call last):   File \"/data/data/com.termux/files/home/wa-ai/ai_query.py\", line 3, in <module>     from transformers import AutoTokenizer, AutoModelForCausalLM, pipeline"
    },
    {
      "time": 1759660677919,
      "text": "AUREX (AI error): Traceback (most recent call last):   File \"/data/data/com.termux/files/home/wa-ai/ai_query.py\", line 3, in <module>     from transformers import AutoTokenizer, AutoModelForCausalLM, pipeline"
    },
    {
      "time": 1759660679154,
      "text": "AUREX (AI error): Traceback (most recent call last):   File \"/data/data/com.termux/files/home/wa-ai/ai_query.py\", line 3, in <module>     from transformers import AutoTokenizer, AutoModelForCausalLM, pipeline"
    },
    {
      "time": 1759660680386,
      "text": "AUREX (AI error): Traceback (most recent call last):   File \"/data/data/com.termux/files/home/wa-ai/ai_query.py\", line 3, in <module>     from transformers import AutoTokenizer, AutoModelForCausalLM, pipeline"
    },
    {
      "time": 1759660681831,
      "text": "AUREX (AI error): Traceback (most recent call last):   File \"/data/data/com.termux/files/home/wa-ai/ai_query.py\", line 3, in <module>     from transformers import AutoTokenizer, AutoModelForCausalLM, pipeline"
    },
    {
      "time": 1759660683167,
      "text": "AUREX (AI error): Traceback (most recent call last):   File \"/data/data/com.termux/files/home/wa-ai/ai_query.py\", line 3, in <module>     from transformers import AutoTokenizer, AutoModelForCausalLM, pipeline"
    },
    {
      "time": 1759660684631,
      "text": "AUREX (AI error): Traceback (most recent call last):   File \"/data/data/com.termux/files/home/wa-ai/ai_query.py\", line 3, in <module>     from transformers import AutoTokenizer, AutoModelForCausalLM, pipeline"
    },
    {
      "time": 1759660685831,
      "text": "AUREX (AI error): Traceback (most recent call last):   File \"/data/data/com.termux/files/home/wa-ai/ai_query.py\", line 3, in <module>     from transformers import AutoTokenizer, AutoModelForCausalLM, pipeline"
    },
    {
      "time": 1759660687048,
      "text": "AUREX (AI error): Traceback (most recent call last):   File \"/data/data/com.termux/files/home/wa-ai/ai_query.py\", line 3, in <module>     from transformers import AutoTokenizer, AutoModelForCausalLM, pipeline"
    },
    {
      "time": 1759660688282,
      "text": "AUREX (AI error): Traceback (most recent call last):   File \"/data/data/com.termux/files/home/wa-ai/ai_query.py\", line 3, in <module>     from transformers import AutoTokenizer, AutoModelForCausalLM, pipeline"
    },
    {
      "time": 1759660689527,
      "text": "AUREX (AI error): Traceback (most recent call last):   File \"/data/data/com.termux/files/home/wa-ai/ai_query.py\", line 3, in <module>     from transformers import AutoTokenizer, AutoModelForCausalLM, pipeline"
    },
    {
      "time": 1759660690744,
      "text": "AUREX (AI error): Traceback (most recent call last):   File \"/data/data/com.termux/files/home/wa-ai/ai_query.py\", line 3, in <module>     from transformers import AutoTokenizer, AutoModelForCausalLM, pipeline"
    },
    {
      "time": 1759660692058,
      "text": "AUREX (AI error): Traceback (most recent call last):   File \"/data/data/com.termux/files/home/wa-ai/ai_query.py\", line 3, in <module>     from transformers import AutoTokenizer, AutoModelForCausalLM, pipeline"
    },
    {
      "time": 1759660693294,
      "text": "AUREX (AI error): Traceback (most recent call last):   File \"/data/data/com.termux/files/home/wa-ai/ai_query.py\", line 3, in <module>     from transformers import AutoTokenizer, AutoModelForCausalLM, pipeline"
    },
    {
      "time": 1759660694527,
      "text": "AUREX (AI error): Traceback (most recent call last):   File \"/data/data/com.termux/files/home/wa-ai/ai_query.py\", line 3, in <module>     from transformers import AutoTokenizer, AutoModelForCausalLM, pipeline"
    },
    {
      "time": 1759660695718,
      "text": "AUREX (AI error): Traceback (most recent call last):   File \"/data/data/com.termux/files/home/wa-ai/ai_query.py\", line 3, in <module>     from transformers import AutoTokenizer, AutoModelForCausalLM, pipeline"
    },
    {
      "time": 1759660696926,
      "text": "AUREX (AI error): Traceback (most recent call last):   File \"/data/data/com.termux/files/home/wa-ai/ai_query.py\", line 3, in <module>     from transformers import AutoTokenizer, AutoModelForCausalLM, pipeline"
    },
    {
      "time": 1759660698147,
      "text": "AUREX (AI error): Traceback (most recent call last):   File \"/data/data/com.termux/files/home/wa-ai/ai_query.py\", line 3, in <module>     from transformers import AutoTokenizer, AutoModelForCausalLM, pipeline"
    },
    {
      "time": 1759660699382,
      "text": "AUREX (AI error): Traceback (most recent call last):   File \"/data/data/com.termux/files/home/wa-ai/ai_query.py\", line 3, in <module>     from transformers import AutoTokenizer, AutoModelForCausalLM, pipeline"
    },
    {
      "time": 1759660700616,
      "text": "AUREX (AI error): Traceback (most recent call last):   File \"/data/data/com.termux/files/home/wa-ai/ai_query.py\", line 3, in <module>     from transformers import AutoTokenizer, AutoModelForCausalLM, pipeline"
    },
    {
      "time": 1759660702098,
      "text": "AUREX (AI error): Traceback (most recent call last):   File \"/data/data/com.termux/files/home/wa-ai/ai_query.py\", line 3, in <module>     from transformers import AutoTokenizer, AutoModelForCausalLM, pipeline"
    },
    {
      "time": 1759660703550,
      "text": "AUREX (AI error): Traceback (most recent call last):   File \"/data/data/com.termux/files/home/wa-ai/ai_query.py\", line 3, in <module>     from transformers import AutoTokenizer, AutoModelForCausalLM, pipeline"
    },
    {
      "time": 1759660704748,
      "text": "AUREX (AI error): Traceback (most recent call last):   File \"/data/data/com.termux/files/home/wa-ai/ai_query.py\", line 3, in <module>     from transformers import AutoTokenizer, AutoModelForCausalLM, pipeline"
    },
    {
      "time": 1759660705985,
      "text": "AUREX (AI error): Traceback (most recent call last):   File \"/data/data/com.termux/files/home/wa-ai/ai_query.py\", line 3, in <module>     from transformers import AutoTokenizer, AutoModelForCausalLM, pipeline"
    },
    {
      "time": 1759660707199,
      "text": "AUREX (AI error): Traceback (most recent call last):   File \"/data/data/com.termux/files/home/wa-ai/ai_query.py\", line 3, in <module>     from transformers import AutoTokenizer, AutoModelForCausalLM, pipeline"
    },
    {
      "time": 1759660708426,
      "text": "AUREX (AI error): Traceback (most recent call last):   File \"/data/data/com.termux/files/home/wa-ai/ai_query.py\", line 3, in <module>     from transformers import AutoTokenizer, AutoModelForCausalLM, pipeline"
    },
    {
      "time": 1759660709649,
      "text": "AUREX (AI error): Traceback (most recent call last):   File \"/data/data/com.termux/files/home/wa-ai/ai_query.py\", line 3, in <module>     from transformers import AutoTokenizer, AutoModelForCausalLM, pipeline"
    },
    {
      "time": 1759660710878,
      "text": "AUREX (AI error): Traceback (most recent call last):   File \"/data/data/com.termux/files/home/wa-ai/ai_query.py\", line 3, in <module>     from transformers import AutoTokenizer, AutoModelForCausalLM, pipeline"
    },
    {
      "time": 1759660712109,
      "text": "AUREX (AI error): Traceback (most recent call last):   File \"/data/data/com.termux/files/home/wa-ai/ai_query.py\", line 3, in <module>     from transformers import AutoTokenizer, AutoModelForCausalLM, pipeline"
    },
    {
      "time": 1759660713445,
      "text": "AUREX (AI error): Traceback (most recent call last):   File \"/data/data/com.termux/files/home/wa-ai/ai_query.py\", line 3, in <module>     from transformers import AutoTokenizer, AutoModelForCausalLM, pipeline"
    },
    {
      "time": 1759660714679,
      "text": "AUREX (AI error): Traceback (most recent call last):   File \"/data/data/com.termux/files/home/wa-ai/ai_query.py\", line 3, in <module>     from transformers import AutoTokenizer, AutoModelForCausalLM, pipeline"
    },
    {
      "time": 1759660715919,
      "text": "AUREX (AI error): Traceback (most recent call last):   File \"/data/data/com.termux/files/home/wa-ai/ai_query.py\", line 3, in <module>     from transformers import AutoTokenizer, AutoModelForCausalLM, pipeline"
    },
    {
      "time": 1759660717166,
      "text": "AUREX (AI error): Traceback (most recent call last):   File \"/data/data/com.termux/files/home/wa-ai/ai_query.py\", line 3, in <module>     from transformers import AutoTokenizer, AutoModelForCausalLM, pipeline"
    },
    {
      "time": 1759660718410,
      "text": "AUREX (AI error): Traceback (most recent call last):   File \"/data/data/com.termux/files/home/wa-ai/ai_query.py\", line 3, in <module>     from transformers import AutoTokenizer, AutoModelForCausalLM, pipeline"
    },
    {
      "time": 1759660719891,
      "text": "AUREX (AI error): Traceback (most recent call last):   File \"/data/data/com.termux/files/home/wa-ai/ai_query.py\", line 3, in <module>     from transformers import AutoTokenizer, AutoModelForCausalLM, pipeline"
    },
    {
      "time": 1759660721115,
      "text": "AUREX (AI error): Traceback (most recent call last):   File \"/data/data/com.termux/files/home/wa-ai/ai_query.py\", line 3, in <module>     from transformers import AutoTokenizer, AutoModelForCausalLM, pipeline"
    },
    {
      "time": 1759660722341,
      "text": "AUREX (AI error): Traceback (most recent call last):   File \"/data/data/com.termux/files/home/wa-ai/ai_query.py\", line 3, in <module>     from transformers import AutoTokenizer, AutoModelForCausalLM, pipeline"
    },
    {
      "time": 1759660723587,
      "text": "AUREX (AI error): Traceback (most recent call last):   File \"/data/data/com.termux/files/home/wa-ai/ai_query.py\", line 3, in <module>     from transformers import AutoTokenizer, AutoModelForCausalLM, pipeline"
    },
    {
      "time": 1759660724810,
      "text": "AUREX (AI error): Traceback (most recent call last):   File \"/data/data/com.termux/files/home/wa-ai/ai_query.py\", line 3, in <module>     from transformers import AutoTokenizer, AutoModelForCausalLM, pipeline"
    },
    {
      "time": 1759660726096,
      "text": "AUREX (AI error): Traceback (most recent call last):   File \"/data/data/com.termux/files/home/wa-ai/ai_query.py\", line 3, in <module>     from transformers import AutoTokenizer, AutoModelForCausalLM, pipeline"
    },
    {
      "time": 1759660727334,
      "text": "AUREX (AI error): Traceback (most recent call last):   File \"/data/data/com.termux/files/home/wa-ai/ai_query.py\", line 3, in <module>     from transformers import AutoTokenizer, AutoModelForCausalLM, pipeline"
    },
    {
      "time": 1759660728567,
      "text": "AUREX (AI error): Traceback (most recent call last):   File \"/data/data/com.termux/files/home/wa-ai/ai_query.py\", line 3, in <module>     from transformers import AutoTokenizer, AutoModelForCausalLM, pipeline"
    },
    {
      "time": 1759660729782,
      "text": "AUREX (AI error): Traceback (most recent call last):   File \"/data/data/com.termux/files/home/wa-ai/ai_query.py\", line 3, in <module>     from transformers import AutoTokenizer, AutoModelForCausalLM, pipeline"
    },
    {
      "time": 1759660731037,
      "text": "AUREX (AI error): Traceback (most recent call last):   File \"/data/data/com.termux/files/home/wa-ai/ai_query.py\", line 3, in <module>     from transformers import AutoTokenizer, AutoModelForCausalLM, pipeline"
    },
    {
      "time": 1759660732324,
      "text": "AUREX (AI error): Traceback (most recent call last):   File \"/data/data/com.termux/files/home/wa-ai/ai_query.py\", line 3, in <module>     from transformers import AutoTokenizer, AutoModelForCausalLM, pipeline"
    },
    {
      "time": 1759660733547,
      "text": "AUREX (AI error): Traceback (most recent call last):   File \"/data/data/com.termux/files/home/wa-ai/ai_query.py\", line 3, in <module>     from transformers import AutoTokenizer, AutoModelForCausalLM, pipeline"
    },
    {
      "time": 1759660734963,
      "text": "AUREX (AI error): Traceback (most recent call last):   File \"/data/data/com.termux/files/home/wa-ai/ai_query.py\", line 3, in <module>     from transformers import AutoTokenizer, AutoModelForCausalLM, pipeline"
    },
    {
      "time": 1759660736187,
      "text": "AUREX (AI error): Traceback (most recent call last):   File \"/data/data/com.termux/files/home/wa-ai/ai_query.py\", line 3, in <module>     from transformers import AutoTokenizer, AutoModelForCausalLM, pipeline"
    },
    {
      "time": 1759660737408,
      "text": "AUREX (AI error): Traceback (most recent call last):   File \"/data/data/com.termux/files/home/wa-ai/ai_query.py\", line 3, in <module>     from transformers import AutoTokenizer, AutoModelForCausalLM, pipeline"
    },
    {
      "time": 1759660738646,
      "text": "AUREX (AI error): Traceback (most recent call last):   File \"/data/data/com.termux/files/home/wa-ai/ai_query.py\", line 3, in <module>     from transformers import AutoTokenizer, AutoModelForCausalLM, pipeline"
    },
    {
      "time": 1759660739872,
      "text": "AUREX (AI error): Traceback (most recent call last):   File \"/data/data/com.termux/files/home/wa-ai/ai_query.py\", line 3, in <module>     from transformers import AutoTokenizer, AutoModelForCausalLM, pipeline"
    },
    {
      "time": 1759660741108,
      "text": "AUREX (AI error): Traceback (most recent call last):   File \"/data/data/com.termux/files/home/wa-ai/ai_query.py\", line 3, in <module>     from transformers import AutoTokenizer, AutoModelForCausalLM, pipeline"
    },
    {
      "time": 1759660742349,
      "text": "AUREX (AI error): Traceback (most recent call last):   File \"/data/data/com.termux/files/home/wa-ai/ai_query.py\", line 3, in <module>     from transformers import AutoTokenizer, AutoModelForCausalLM, pipeline"
    },
    {
      "time": 1759660743672,
      "text": "AUREX (AI error): Traceback (most recent call last):   File \"/data/data/com.termux/files/home/wa-ai/ai_query.py\", line 3, in <module>     from transformers import AutoTokenizer, AutoModelForCausalLM, pipeline"
    },
    {
      "time": 1759660745014,
      "text": "AUREX (AI error): Traceback (most recent call last):   File \"/data/data/com.termux/files/home/wa-ai/ai_query.py\", line 3, in <module>     from transformers import AutoTokenizer, AutoModelForCausalLM, pipeline"
    },
    {
      "time": 1759660746252,
      "text": "AUREX (AI error): Traceback (most recent call last):   File \"/data/data/com.termux/files/home/wa-ai/ai_query.py\", line 3, in <module>     from transformers import AutoTokenizer, AutoModelForCausalLM, pipeline"
    },
    {
      "time": 1759660747482,
      "text": "AUREX (AI error): Traceback (most recent call last):   File \"/data/data/com.termux/files/home/wa-ai/ai_query.py\", line 3, in <module>     from transformers import AutoTokenizer, AutoModelForCausalLM, pipeline"
    },
    {
      "time": 1759660748701,
      "text": "AUREX (AI error): Traceback (most recent call last):   File \"/data/data/com.termux/files/home/wa-ai/ai_query.py\", line 3, in <module>     from transformers import AutoTokenizer, AutoModelForCausalLM, pipeline"
    },
    {
      "time": 1759660749922,
      "text": "AUREX (AI error): Traceback (most recent call last):   File \"/data/data/com.termux/files/home/wa-ai/ai_query.py\", line 3, in <module>     from transformers import AutoTokenizer, AutoModelForCausalLM, pipeline"
    },
    {
      "time": 1759660751148,
      "text": "AUREX (AI error): Traceback (most recent call last):   File \"/data/data/com.termux/files/home/wa-ai/ai_query.py\", line 3, in <module>     from transformers import AutoTokenizer, AutoModelForCausalLM, pipeline"
    },
    {
      "time": 1759660752347,
      "text": "AUREX (AI error): Traceback (most recent call last):   File \"/data/data/com.termux/files/home/wa-ai/ai_query.py\", line 3, in <module>     from transformers import AutoTokenizer, AutoModelForCausalLM, pipeline"
    },
    {
      "time": 1759660753643,
      "text": "AUREX (AI error): Traceback (most recent call last):   File \"/data/data/com.termux/files/home/wa-ai/ai_query.py\", line 3, in <module>     from transformers import AutoTokenizer, AutoModelForCausalLM, pipeline"
    },
    {
      "time": 1759660754847,
      "text": "AUREX (AI error): Traceback (most recent call last):   File \"/data/data/com.termux/files/home/wa-ai/ai_query.py\", line 3, in <module>     from transformers import AutoTokenizer, AutoModelForCausalLM, pipeline"
    },
    {
      "time": 1759660756305,
      "text": "AUREX (AI error): Traceback (most recent call last):   File \"/data/data/com.termux/files/home/wa-ai/ai_query.py\", line 3, in <module>     from transformers import AutoTokenizer, AutoModelForCausalLM, pipeline"
    },
    {
      "time": 1759660757518,
      "text": "AUREX (AI error): Traceback (most recent call last):   File \"/data/data/com.termux/files/home/wa-ai/ai_query.py\", line 3, in <module>     from transformers import AutoTokenizer, AutoModelForCausalLM, pipeline"
    },
    {
      "time": 1759660758762,
      "text": "AUREX (AI error): Traceback (most recent call last):   File \"/data/data/com.termux/files/home/wa-ai/ai_query.py\", line 3, in <module>     from transformers import AutoTokenizer, AutoModelForCausalLM, pipeline"
    },
    {
      "time": 1759660759982,
      "text": "AUREX (AI error): Traceback (most recent call last):   File \"/data/data/com.termux/files/home/wa-ai/ai_query.py\", line 3, in <module>     from transformers import AutoTokenizer, AutoModelForCausalLM, pipeline"
    },
    {
      "time": 1759660761205,
      "text": "AUREX (AI error): Traceback (most recent call last):   File \"/data/data/com.termux/files/home/wa-ai/ai_query.py\", line 3, in <module>     from transformers import AutoTokenizer, AutoModelForCausalLM, pipeline"
    },
    {
      "time": 1759660762441,
      "text": "AUREX (AI error): Traceback (most recent call last):   File \"/data/data/com.termux/files/home/wa-ai/ai_query.py\", line 3, in <module>     from transformers import AutoTokenizer, AutoModelForCausalLM, pipeline"
    },
    {
      "time": 1759660763658,
      "text": "AUREX (AI error): Traceback (most recent call last):   File \"/data/data/com.termux/files/home/wa-ai/ai_query.py\", line 3, in <module>     from transformers import AutoTokenizer, AutoModelForCausalLM, pipeline"
    },
    {
      "time": 1759660764866,
      "text": "AUREX (AI error): Traceback (most recent call last):   File \"/data/data/com.termux/files/home/wa-ai/ai_query.py\", line 3, in <module>     from transformers import AutoTokenizer, AutoModelForCausalLM, pipeline"
    },
    {
      "time": 1759660766075,
      "text": "AUREX (AI error): Traceback (most recent call last):   File \"/data/data/com.termux/files/home/wa-ai/ai_query.py\", line 3, in <module>     from transformers import AutoTokenizer, AutoModelForCausalLM, pipeline"
    },
    {
      "time": 1759660767493,
      "text": "AUREX (AI error): Traceback (most recent call last):   File \"/data/data/com.termux/files/home/wa-ai/ai_query.py\", line 3, in <module>     from transformers import AutoTokenizer, AutoModelForCausalLM, pipeline"
    },
    {
      "time": 1759660769025,
      "text": "AUREX (AI error): Traceback (most recent call last):   File \"/data/data/com.termux/files/home/wa-ai/ai_query.py\", line 3, in <module>     from transformers import AutoTokenizer, AutoModelForCausalLM, pipeline"
    },
    {
      "time": 1759660770546,
      "text": "AUREX (AI error): Traceback (most recent call last):   File \"/data/data/com.termux/files/home/wa-ai/ai_query.py\", line 3, in <module>     from transformers import AutoTokenizer, AutoModelForCausalLM, pipeline"
    },
    {
      "time": 1759660771995,
      "text": "AUREX (AI error): Traceback (most recent call last):   File \"/data/data/com.termux/files/home/wa-ai/ai_query.py\", line 3, in <module>     from transformers import AutoTokenizer, AutoModelForCausalLM, pipeline"
    },
    {
      "time": 1759660773219,
      "text": "AUREX (AI error): Traceback (most recent call last):   File \"/data/data/com.termux/files/home/wa-ai/ai_query.py\", line 3, in <module>     from transformers import AutoTokenizer, AutoModelForCausalLM, pipeline"
    },
    {
      "time": 1759660774490,
      "text": "AUREX (AI error): Traceback (most recent call last):   File \"/data/data/com.termux/files/home/wa-ai/ai_query.py\", line 3, in <module>     from transformers import AutoTokenizer, AutoModelForCausalLM, pipeline"
    },
    {
      "time": 1759661636664,
      "text": "/help"
    },
    {
      "time": 1759661636761,
      "text": "/help"
    },
    {
      "time": 1759661637047,
      "text": "📖 *Bantuan AUREX*\n\n/startai → Lengkapi data & mulai\n/history → Lihat riwayat chat pribadi\n/traktir [jumlah] → Traktir seikhlasnya\n/leaderboard → Top 10 traktir minggu ini\n/help → Tampilkan bantuan ini\n\n📞 Admin: https://wa.me/+6283869651799"
    },
    {
      "time": 1759661637115,
      "text": "📖 *Bantuan AUREX*\n\n/startai → Lengkapi data & mulai\n/history → Lihat riwayat chat pribadi\n/traktir [jumlah] → Traktir seikhlasnya\n/leaderboard → Top 10 traktir minggu ini\n/help → Tampilkan bantuan ini\n\n📞 Admin: https://wa.me/+6283869651799"
    },
    {
      "time": 1759661637522,
      "text": "AUREX (AI error): Traceback (most recent call last):   File \"/data/data/com.termux/files/home/wa-ai/ai_query.py\", line 3, in <module>     from transformers import AutoTokenizer, AutoModelForCausalLM"
    },
    {
      "time": 1759661637865,
      "text": "AUREX (AI error): Traceback (most recent call last):   File \"/data/data/com.termux/files/home/wa-ai/ai_query.py\", line 3, in <module>     from transformers import AutoTokenizer, AutoModelForCausalLM"
    },
    {
      "time": 1759661638242,
      "text": "AUREX (AI error): Traceback (most recent call last):   File \"/data/data/com.termux/files/home/wa-ai/ai_query.py\", line 3, in <module>     from transformers import AutoTokenizer, AutoModelForCausalLM"
    },
    {
      "time": 1759661638632,
      "text": "AUREX (AI error): Traceback (most recent call last):   File \"/data/data/com.termux/files/home/wa-ai/ai_query.py\", line 3, in <module>     from transformers import AutoTokenizer, AutoModelForCausalLM"
    },
    {
      "time": 1759661639031,
      "text": "AUREX (AI error): Traceback (most recent call last):   File \"/data/data/com.termux/files/home/wa-ai/ai_query.py\", line 3, in <module>     from transformers import AutoTokenizer, AutoModelForCausalLM"
    },
    {
      "time": 1759661639376,
      "text": "AUREX (AI error): Traceback (most recent call last):   File \"/data/data/com.termux/files/home/wa-ai/ai_query.py\", line 3, in <module>     from transformers import AutoTokenizer, AutoModelForCausalLM"
    },
    {
      "time": 1759661639747,
      "text": "AUREX (AI error): Traceback (most recent call last):   File \"/data/data/com.termux/files/home/wa-ai/ai_query.py\", line 3, in <module>     from transformers import AutoTokenizer, AutoModelForCausalLM"
    },
    {
      "time": 1759661640120,
      "text": "AUREX (AI error): Traceback (most recent call last):   File \"/data/data/com.termux/files/home/wa-ai/ai_query.py\", line 3, in <module>     from transformers import AutoTokenizer, AutoModelForCausalLM"
    },
    {
      "time": 1759661640489,
      "text": "AUREX (AI error): Traceback (most recent call last):   File \"/data/data/com.termux/files/home/wa-ai/ai_query.py\", line 3, in <module>     from transformers import AutoTokenizer, AutoModelForCausalLM"
    },
    {
      "time": 1759661640830,
      "text": "AUREX (AI error): Traceback (most recent call last):   File \"/data/data/com.termux/files/home/wa-ai/ai_query.py\", line 3, in <module>     from transformers import AutoTokenizer, AutoModelForCausalLM"
    },
    {
      "time": 1759661641226,
      "text": "AUREX (AI error): Traceback (most recent call last):   File \"/data/data/com.termux/files/home/wa-ai/ai_query.py\", line 3, in <module>     from transformers import AutoTokenizer, AutoModelForCausalLM"
    },
    {
      "time": 1759661641555,
      "text": "AUREX (AI error): Traceback (most recent call last):   File \"/data/data/com.termux/files/home/wa-ai/ai_query.py\", line 3, in <module>     from transformers import AutoTokenizer, AutoModelForCausalLM"
    },
    {
      "time": 1759661642150,
      "text": "AUREX (AI error): Traceback (most recent call last):   File \"/data/data/com.termux/files/home/wa-ai/ai_query.py\", line 3, in <module>     from transformers import AutoTokenizer, AutoModelForCausalLM"
    },
    {
      "time": 1759661642521,
      "text": "AUREX (AI error): Traceback (most recent call last):   File \"/data/data/com.termux/files/home/wa-ai/ai_query.py\", line 3, in <module>     from transformers import AutoTokenizer, AutoModelForCausalLM"
    },
    {
      "time": 1759661643006,
      "text": "AUREX (AI error): Traceback (most recent call last):   File \"/data/data/com.termux/files/home/wa-ai/ai_query.py\", line 3, in <module>     from transformers import AutoTokenizer, AutoModelForCausalLM"
    },
    {
      "time": 1759661643405,
      "text": "AUREX (AI error): Traceback (most recent call last):   File \"/data/data/com.termux/files/home/wa-ai/ai_query.py\", line 3, in <module>     from transformers import AutoTokenizer, AutoModelForCausalLM"
    },
    {
      "time": 1759661643865,
      "text": "AUREX (AI error): Traceback (most recent call last):   File \"/data/data/com.termux/files/home/wa-ai/ai_query.py\", line 3, in <module>     from transformers import AutoTokenizer, AutoModelForCausalLM"
    },
    {
      "time": 1759661644266,
      "text": "AUREX (AI error): Traceback (most recent call last):   File \"/data/data/com.termux/files/home/wa-ai/ai_query.py\", line 3, in <module>     from transformers import AutoTokenizer, AutoModelForCausalLM"
    },
    {
      "time": 1759661644716,
      "text": "AUREX (AI error): Traceback (most recent call last):   File \"/data/data/com.termux/files/home/wa-ai/ai_query.py\", line 3, in <module>     from transformers import AutoTokenizer, AutoModelForCausalLM"
    },
    {
      "time": 1759661645130,
      "text": "AUREX (AI error): Traceback (most recent call last):   File \"/data/data/com.termux/files/home/wa-ai/ai_query.py\", line 3, in <module>     from transformers import AutoTokenizer, AutoModelForCausalLM"
    },
    {
      "time": 1759661645572,
      "text": "AUREX (AI error): Traceback (most recent call last):   File \"/data/data/com.termux/files/home/wa-ai/ai_query.py\", line 3, in <module>     from transformers import AutoTokenizer, AutoModelForCausalLM"
    },
    {
      "time": 1759661645994,
      "text": "AUREX (AI error): Traceback (most recent call last):   File \"/data/data/com.termux/files/home/wa-ai/ai_query.py\", line 3, in <module>     from transformers import AutoTokenizer, AutoModelForCausalLM"
    },
    {
      "time": 1759661646458,
      "text": "AUREX (AI error): Traceback (most recent call last):   File \"/data/data/com.termux/files/home/wa-ai/ai_query.py\", line 3, in <module>     from transformers import AutoTokenizer, AutoModelForCausalLM"
    },
    {
      "time": 1759661646899,
      "text": "AUREX (AI error): Traceback (most recent call last):   File \"/data/data/com.termux/files/home/wa-ai/ai_query.py\", line 3, in <module>     from transformers import AutoTokenizer, AutoModelForCausalLM"
    },
    {
      "time": 1759661647312,
      "text": "AUREX (AI error): Traceback (most recent call last):   File \"/data/data/com.termux/files/home/wa-ai/ai_query.py\", line 3, in <module>     from transformers import AutoTokenizer, AutoModelForCausalLM"
    },
    {
      "time": 1759661647773,
      "text": "AUREX (AI error): Traceback (most recent call last):   File \"/data/data/com.termux/files/home/wa-ai/ai_query.py\", line 3, in <module>     from transformers import AutoTokenizer, AutoModelForCausalLM"
    },
    {
      "time": 1759661648171,
      "text": "AUREX (AI error): Traceback (most recent call last):   File \"/data/data/com.termux/files/home/wa-ai/ai_query.py\", line 3, in <module>     from transformers import AutoTokenizer, AutoModelForCausalLM"
    },
    {
      "time": 1759661648641,
      "text": "AUREX (AI error): Traceback (most recent call last):   File \"/data/data/com.termux/files/home/wa-ai/ai_query.py\", line 3, in <module>     from transformers import AutoTokenizer, AutoModelForCausalLM"
    },
    {
      "time": 1759661649037,
      "text": "AUREX (AI error): Traceback (most recent call last):   File \"/data/data/com.termux/files/home/wa-ai/ai_query.py\", line 3, in <module>     from transformers import AutoTokenizer, AutoModelForCausalLM"
    },
    {
      "time": 1759661649494,
      "text": "AUREX (AI error): Traceback (most recent call last):   File \"/data/data/com.termux/files/home/wa-ai/ai_query.py\", line 3, in <module>     from transformers import AutoTokenizer, AutoModelForCausalLM"
    },
    {
      "time": 1759661649892,
      "text": "AUREX (AI error): Traceback (most recent call last):   File \"/data/data/com.termux/files/home/wa-ai/ai_query.py\", line 3, in <module>     from transformers import AutoTokenizer, AutoModelForCausalLM"
    },
    {
      "time": 1759661650347,
      "text": "AUREX (AI error): Traceback (most recent call last):   File \"/data/data/com.termux/files/home/wa-ai/ai_query.py\", line 3, in <module>     from transformers import AutoTokenizer, AutoModelForCausalLM"
    },
    {
      "time": 1759661650755,
      "text": "AUREX (AI error): Traceback (most recent call last):   File \"/data/data/com.termux/files/home/wa-ai/ai_query.py\", line 3, in <module>     from transformers import AutoTokenizer, AutoModelForCausalLM"
    },
    {
      "time": 1759661651231,
      "text": "AUREX (AI error): Traceback (most recent call last):   File \"/data/data/com.termux/files/home/wa-ai/ai_query.py\", line 3, in <module>     from transformers import AutoTokenizer, AutoModelForCausalLM"
    },
    {
      "time": 1759661651619,
      "text": "AUREX (AI error): Traceback (most recent call last):   File \"/data/data/com.termux/files/home/wa-ai/ai_query.py\", line 3, in <module>     from transformers import AutoTokenizer, AutoModelForCausalLM"
    },
    {
      "time": 1759661652092,
      "text": "AUREX (AI error): Traceback (most recent call last):   File \"/data/data/com.termux/files/home/wa-ai/ai_query.py\", line 3, in <module>     from transformers import AutoTokenizer, AutoModelForCausalLM"
    },
    {
      "time": 1759661652470,
      "text": "AUREX (AI error): Traceback (most recent call last):   File \"/data/data/com.termux/files/home/wa-ai/ai_query.py\", line 3, in <module>     from transformers import AutoTokenizer, AutoModelForCausalLM"
    },
    {
      "time": 1759661652960,
      "text": "AUREX (AI error): Traceback (most recent call last):   File \"/data/data/com.termux/files/home/wa-ai/ai_query.py\", line 3, in <module>     from transformers import AutoTokenizer, AutoModelForCausalLM"
    },
    {
      "time": 1759661653325,
      "text": "AUREX (AI error): Traceback (most recent call last):   File \"/data/data/com.termux/files/home/wa-ai/ai_query.py\", line 3, in <module>     from transformers import AutoTokenizer, AutoModelForCausalLM"
    },
    {
      "time": 1759661653870,
      "text": "AUREX (AI error): Traceback (most recent call last):   File \"/data/data/com.termux/files/home/wa-ai/ai_query.py\", line 3, in <module>     from transformers import AutoTokenizer, AutoModelForCausalLM"
    },
    {
      "time": 1759661654194,
      "text": "AUREX (AI error): Traceback (most recent call last):   File \"/data/data/com.termux/files/home/wa-ai/ai_query.py\", line 3, in <module>     from transformers import AutoTokenizer, AutoModelForCausalLM"
    },
    {
      "time": 1759661654730,
      "text": "AUREX (AI error): Traceback (most recent call last):   File \"/data/data/com.termux/files/home/wa-ai/ai_query.py\", line 3, in <module>     from transformers import AutoTokenizer, AutoModelForCausalLM"
    },
    {
      "time": 1759661655372,
      "text": "AUREX (AI error): Traceback (most recent call last):   File \"/data/data/com.termux/files/home/wa-ai/ai_query.py\", line 3, in <module>     from transformers import AutoTokenizer, AutoModelForCausalLM"
    },
    {
      "time": 1759661656299,
      "text": "AUREX (AI error): Traceback (most recent call last):   File \"/data/data/com.termux/files/home/wa-ai/ai_query.py\", line 3, in <module>     from transformers import AutoTokenizer, AutoModelForCausalLM"
    },
    {
      "time": 1759661657170,
      "text": "AUREX (AI error): Traceback (most recent call last):   File \"/data/data/com.termux/files/home/wa-ai/ai_query.py\", line 3, in <module>     from transformers import AutoTokenizer, AutoModelForCausalLM"
    },
    {
      "time": 1759661658031,
      "text": "AUREX (AI error): Traceback (most recent call last):   File \"/data/data/com.termux/files/home/wa-ai/ai_query.py\", line 3, in <module>     from transformers import AutoTokenizer, AutoModelForCausalLM"
    },
    {
      "time": 1759661658952,
      "text": "AUREX (AI error): Traceback (most recent call last):   File \"/data/data/com.termux/files/home/wa-ai/ai_query.py\", line 3, in <module>     from transformers import AutoTokenizer, AutoModelForCausalLM"
    },
    {
      "time": 1759661659845,
      "text": "AUREX (AI error): Traceback (most recent call last):   File \"/data/data/com.termux/files/home/wa-ai/ai_query.py\", line 3, in <module>     from transformers import AutoTokenizer, AutoModelForCausalLM"
    },
    {
      "time": 1759661660825,
      "text": "AUREX (AI error): Traceback (most recent call last):   File \"/data/data/com.termux/files/home/wa-ai/ai_query.py\", line 3, in <module>     from transformers import AutoTokenizer, AutoModelForCausalLM"
    },
    {
      "time": 1759661661345,
      "text": "AUREX (AI error): Traceback (most recent call last):   File \"/data/data/com.termux/files/home/wa-ai/ai_query.py\", line 3, in <module>     from transformers import AutoTokenizer, AutoModelForCausalLM"
    },
    {
      "time": 1759661661704,
      "text": "AUREX (AI error): Traceback (most recent call last):   File \"/data/data/com.termux/files/home/wa-ai/ai_query.py\", line 3, in <module>     from transformers import AutoTokenizer, AutoModelForCausalLM"
    },
    {
      "time": 1759661662218,
      "text": "AUREX (AI error): Traceback (most recent call last):   File \"/data/data/com.termux/files/home/wa-ai/ai_query.py\", line 3, in <module>     from transformers import AutoTokenizer, AutoModelForCausalLM"
    },
    {
      "time": 1759661662585,
      "text": "AUREX (AI error): Traceback (most recent call last):   File \"/data/data/com.termux/files/home/wa-ai/ai_query.py\", line 3, in <module>     from transformers import AutoTokenizer, AutoModelForCausalLM"
    },
    {
      "time": 1759661663088,
      "text": "AUREX (AI error): Traceback (most recent call last):   File \"/data/data/com.termux/files/home/wa-ai/ai_query.py\", line 3, in <module>     from transformers import AutoTokenizer, AutoModelForCausalLM"
    },
    {
      "time": 1759661663458,
      "text": "AUREX (AI error): Traceback (most recent call last):   File \"/data/data/com.termux/files/home/wa-ai/ai_query.py\", line 3, in <module>     from transformers import AutoTokenizer, AutoModelForCausalLM"
    },
    {
      "time": 1759661663973,
      "text": "AUREX (AI error): Traceback (most recent call last):   File \"/data/data/com.termux/files/home/wa-ai/ai_query.py\", line 3, in <module>     from transformers import AutoTokenizer, AutoModelForCausalLM"
    },
    {
      "time": 1759661664341,
      "text": "AUREX (AI error): Traceback (most recent call last):   File \"/data/data/com.termux/files/home/wa-ai/ai_query.py\", line 3, in <module>     from transformers import AutoTokenizer, AutoModelForCausalLM"
    },
    {
      "time": 1759661664853,
      "text": "AUREX (AI error): Traceback (most recent call last):   File \"/data/data/com.termux/files/home/wa-ai/ai_query.py\", line 3, in <module>     from transformers import AutoTokenizer, AutoModelForCausalLM"
    },
    {
      "time": 1759661665799,
      "text": "AUREX (AI error): Traceback (most recent call last):   File \"/data/data/com.termux/files/home/wa-ai/ai_query.py\", line 3, in <module>     from transformers import AutoTokenizer, AutoModelForCausalLM"
    },
    {
      "time": 1759661666664,
      "text": "AUREX (AI error): Traceback (most recent call last):   File \"/data/data/com.termux/files/home/wa-ai/ai_query.py\", line 3, in <module>     from transformers import AutoTokenizer, AutoModelForCausalLM"
    },
    {
      "time": 1759661667542,
      "text": "AUREX (AI error): Traceback (most recent call last):   File \"/data/data/com.termux/files/home/wa-ai/ai_query.py\", line 3, in <module>     from transformers import AutoTokenizer, AutoModelForCausalLM"
    },
    {
      "time": 1759661668410,
      "text": "AUREX (AI error): Traceback (most recent call last):   File \"/data/data/com.termux/files/home/wa-ai/ai_query.py\", line 3, in <module>     from transformers import AutoTokenizer, AutoModelForCausalLM"
    },
    {
      "time": 1759661669348,
      "text": "AUREX (AI error): Traceback (most recent call last):   File \"/data/data/com.termux/files/home/wa-ai/ai_query.py\", line 3, in <module>     from transformers import AutoTokenizer, AutoModelForCausalLM"
    },
    {
      "time": 1759661670296,
      "text": "AUREX (AI error): Traceback (most recent call last):   File \"/data/data/com.termux/files/home/wa-ai/ai_query.py\", line 3, in <module>     from transformers import AutoTokenizer, AutoModelForCausalLM"
    },
    {
      "time": 1759661671413,
      "text": "AUREX (AI error): Traceback (most recent call last):   File \"/data/data/com.termux/files/home/wa-ai/ai_query.py\", line 3, in <module>     from transformers import AutoTokenizer, AutoModelForCausalLM"
    },
    {
      "time": 1759661672392,
      "text": "AUREX (AI error): Traceback (most recent call last):   File \"/data/data/com.termux/files/home/wa-ai/ai_query.py\", line 3, in <module>     from transformers import AutoTokenizer, AutoModelForCausalLM"
    },
    {
      "time": 1759661673334,
      "text": "AUREX (AI error): Traceback (most recent call last):   File \"/data/data/com.termux/files/home/wa-ai/ai_query.py\", line 3, in <module>     from transformers import AutoTokenizer, AutoModelForCausalLM"
    },
    {
      "time": 1759661674284,
      "text": "AUREX (AI error): Traceback (most recent call last):   File \"/data/data/com.termux/files/home/wa-ai/ai_query.py\", line 3, in <module>     from transformers import AutoTokenizer, AutoModelForCausalLM"
    },
    {
      "time": 1759661675270,
      "text": "AUREX (AI error): Traceback (most recent call last):   File \"/data/data/com.termux/files/home/wa-ai/ai_query.py\", line 3, in <module>     from transformers import AutoTokenizer, AutoModelForCausalLM"
    },
    {
      "time": 1759661676214,
      "text": "AUREX (AI error): Traceback (most recent call last):   File \"/data/data/com.termux/files/home/wa-ai/ai_query.py\", line 3, in <module>     from transformers import AutoTokenizer, AutoModelForCausalLM"
    },
    {
      "time": 1759661677093,
      "text": "AUREX (AI error): Traceback (most recent call last):   File \"/data/data/com.termux/files/home/wa-ai/ai_query.py\", line 3, in <module>     from transformers import AutoTokenizer, AutoModelForCausalLM"
    },
    {
      "time": 1759661678045,
      "text": "AUREX (AI error): Traceback (most recent call last):   File \"/data/data/com.termux/files/home/wa-ai/ai_query.py\", line 3, in <module>     from transformers import AutoTokenizer, AutoModelForCausalLM"
    },
    {
      "time": 1759661678971,
      "text": "AUREX (AI error): Traceback (most recent call last):   File \"/data/data/com.termux/files/home/wa-ai/ai_query.py\", line 3, in <module>     from transformers import AutoTokenizer, AutoModelForCausalLM"
    },
    {
      "time": 1759661679836,
      "text": "AUREX (AI error): Traceback (most recent call last):   File \"/data/data/com.termux/files/home/wa-ai/ai_query.py\", line 3, in <module>     from transformers import AutoTokenizer, AutoModelForCausalLM"
    },
    {
      "time": 1759661680759,
      "text": "AUREX (AI error): Traceback (most recent call last):   File \"/data/data/com.termux/files/home/wa-ai/ai_query.py\", line 3, in <module>     from transformers import AutoTokenizer, AutoModelForCausalLM"
    },
    {
      "time": 1759661681639,
      "text": "AUREX (AI error): Traceback (most recent call last):   File \"/data/data/com.termux/files/home/wa-ai/ai_query.py\", line 3, in <module>     from transformers import AutoTokenizer, AutoModelForCausalLM"
    },
    {
      "time": 1759661682556,
      "text": "AUREX (AI error): Traceback (most recent call last):   File \"/data/data/com.termux/files/home/wa-ai/ai_query.py\", line 3, in <module>     from transformers import AutoTokenizer, AutoModelForCausalLM"
    },
    {
      "time": 1759661683494,
      "text": "AUREX (AI error): Traceback (most recent call last):   File \"/data/data/com.termux/files/home/wa-ai/ai_query.py\", line 3, in <module>     from transformers import AutoTokenizer, AutoModelForCausalLM"
    },
    {
      "time": 1759661684384,
      "text": "AUREX (AI error): Traceback (most recent call last):   File \"/data/data/com.termux/files/home/wa-ai/ai_query.py\", line 3, in <module>     from transformers import AutoTokenizer, AutoModelForCausalLM"
    },
    {
      "time": 1759661685302,
      "text": "AUREX (AI error): Traceback (most recent call last):   File \"/data/data/com.termux/files/home/wa-ai/ai_query.py\", line 3, in <module>     from transformers import AutoTokenizer, AutoModelForCausalLM"
    },
    {
      "time": 1759661686255,
      "text": "AUREX (AI error): Traceback (most recent call last):   File \"/data/data/com.termux/files/home/wa-ai/ai_query.py\", line 3, in <module>     from transformers import AutoTokenizer, AutoModelForCausalLM"
    },
    {
      "time": 1759661687195,
      "text": "AUREX (AI error): Traceback (most recent call last):   File \"/data/data/com.termux/files/home/wa-ai/ai_query.py\", line 3, in <module>     from transformers import AutoTokenizer, AutoModelForCausalLM"
    },
    {
      "time": 1759661688071,
      "text": "AUREX (AI error): Traceback (most recent call last):   File \"/data/data/com.termux/files/home/wa-ai/ai_query.py\", line 3, in <module>     from transformers import AutoTokenizer, AutoModelForCausalLM"
    },
    {
      "time": 1759661689004,
      "text": "AUREX (AI error): Traceback (most recent call last):   File \"/data/data/com.termux/files/home/wa-ai/ai_query.py\", line 3, in <module>     from transformers import AutoTokenizer, AutoModelForCausalLM"
    },
    {
      "time": 1759661689879,
      "text": "AUREX (AI error): Traceback (most recent call last):   File \"/data/data/com.termux/files/home/wa-ai/ai_query.py\", line 3, in <module>     from transformers import AutoTokenizer, AutoModelForCausalLM"
    },
    {
      "time": 1759661690811,
      "text": "AUREX (AI error): Traceback (most recent call last):   File \"/data/data/com.termux/files/home/wa-ai/ai_query.py\", line 3, in <module>     from transformers import AutoTokenizer, AutoModelForCausalLM"
    },
    {
      "time": 1759661691690,
      "text": "AUREX (AI error): Traceback (most recent call last):   File \"/data/data/com.termux/files/home/wa-ai/ai_query.py\", line 3, in <module>     from transformers import AutoTokenizer, AutoModelForCausalLM"
    },
    {
      "time": 1759661692590,
      "text": "AUREX (AI error): Traceback (most recent call last):   File \"/data/data/com.termux/files/home/wa-ai/ai_query.py\", line 3, in <module>     from transformers import AutoTokenizer, AutoModelForCausalLM"
    },
    {
      "time": 1759661693525,
      "text": "AUREX (AI error): Traceback (most recent call last):   File \"/data/data/com.termux/files/home/wa-ai/ai_query.py\", line 3, in <module>     from transformers import AutoTokenizer, AutoModelForCausalLM"
    },
    {
      "time": 1759661694416,
      "text": "AUREX (AI error): Traceback (most recent call last):   File \"/data/data/com.termux/files/home/wa-ai/ai_query.py\", line 3, in <module>     from transformers import AutoTokenizer, AutoModelForCausalLM"
    },
    {
      "time": 1759661695335,
      "text": "AUREX (AI error): Traceback (most recent call last):   File \"/data/data/com.termux/files/home/wa-ai/ai_query.py\", line 3, in <module>     from transformers import AutoTokenizer, AutoModelForCausalLM"
    },
    {
      "time": 1759661696300,
      "text": "AUREX (AI error): Traceback (most recent call last):   File \"/data/data/com.termux/files/home/wa-ai/ai_query.py\", line 3, in <module>     from transformers import AutoTokenizer, AutoModelForCausalLM"
    },
    {
      "time": 1759661697165,
      "text": "AUREX (AI error): Traceback (most recent call last):   File \"/data/data/com.termux/files/home/wa-ai/ai_query.py\", line 3, in <module>     from transformers import AutoTokenizer, AutoModelForCausalLM"
    },
    {
      "time": 1759661698039,
      "text": "AUREX (AI error): Traceback (most recent call last):   File \"/data/data/com.termux/files/home/wa-ai/ai_query.py\", line 3, in <module>     from transformers import AutoTokenizer, AutoModelForCausalLM"
    },
    {
      "time": 1759661698939,
      "text": "AUREX (AI error): Traceback (most recent call last):   File \"/data/data/com.termux/files/home/wa-ai/ai_query.py\", line 3, in <module>     from transformers import AutoTokenizer, AutoModelForCausalLM"
    },
    {
      "time": 1759661699860,
      "text": "AUREX (AI error): Traceback (most recent call last):   File \"/data/data/com.termux/files/home/wa-ai/ai_query.py\", line 3, in <module>     from transformers import AutoTokenizer, AutoModelForCausalLM"
    },
    {
      "time": 1759661700725,
      "text": "AUREX (AI error): Traceback (most recent call last):   File \"/data/data/com.termux/files/home/wa-ai/ai_query.py\", line 3, in <module>     from transformers import AutoTokenizer, AutoModelForCausalLM"
    },
    {
      "time": 1759661701664,
      "text": "AUREX (AI error): Traceback (most recent call last):   File \"/data/data/com.termux/files/home/wa-ai/ai_query.py\", line 3, in <module>     from transformers import AutoTokenizer, AutoModelForCausalLM"
    },
    {
      "time": 1759661702542,
      "text": "AUREX (AI error): Traceback (most recent call last):   File \"/data/data/com.termux/files/home/wa-ai/ai_query.py\", line 3, in <module>     from transformers import AutoTokenizer, AutoModelForCausalLM"
    },
    {
      "time": 1759661703646,
      "text": "AUREX (AI error): Traceback (most recent call last):   File \"/data/data/com.termux/files/home/wa-ai/ai_query.py\", line 3, in <module>     from transformers import AutoTokenizer, AutoModelForCausalLM"
    },
    {
      "time": 1759661704542,
      "text": "AUREX (AI error): Traceback (most recent call last):   File \"/data/data/com.termux/files/home/wa-ai/ai_query.py\", line 3, in <module>     from transformers import AutoTokenizer, AutoModelForCausalLM"
    },
    {
      "time": 1759661705416,
      "text": "AUREX (AI error): Traceback (most recent call last):   File \"/data/data/com.termux/files/home/wa-ai/ai_query.py\", line 3, in <module>     from transformers import AutoTokenizer, AutoModelForCausalLM"
    },
    {
      "time": 1759661706279,
      "text": "AUREX (AI error): Traceback (most recent call last):   File \"/data/data/com.termux/files/home/wa-ai/ai_query.py\", line 3, in <module>     from transformers import AutoTokenizer, AutoModelForCausalLM"
    },
    {
      "time": 1759661707141,
      "text": "AUREX (AI error): Traceback (most recent call last):   File \"/data/data/com.termux/files/home/wa-ai/ai_query.py\", line 3, in <module>     from transformers import AutoTokenizer, AutoModelForCausalLM"
    },
    {
      "time": 1759661708016,
      "text": "AUREX (AI error): Traceback (most recent call last):   File \"/data/data/com.termux/files/home/wa-ai/ai_query.py\", line 3, in <module>     from transformers import AutoTokenizer, AutoModelForCausalLM"
    },
    {
      "time": 1759661708909,
      "text": "AUREX (AI error): Traceback (most recent call last):   File \"/data/data/com.termux/files/home/wa-ai/ai_query.py\", line 3, in <module>     from transformers import AutoTokenizer, AutoModelForCausalLM"
    },
    {
      "time": 1759661709778,
      "text": "AUREX (AI error): Traceback (most recent call last):   File \"/data/data/com.termux/files/home/wa-ai/ai_query.py\", line 3, in <module>     from transformers import AutoTokenizer, AutoModelForCausalLM"
    },
    {
      "time": 1759661710653,
      "text": "AUREX (AI error): Traceback (most recent call last):   File \"/data/data/com.termux/files/home/wa-ai/ai_query.py\", line 3, in <module>     from transformers import AutoTokenizer, AutoModelForCausalLM"
    },
    {
      "time": 1759661711524,
      "text": "AUREX (AI error): Traceback (most recent call last):   File \"/data/data/com.termux/files/home/wa-ai/ai_query.py\", line 3, in <module>     from transformers import AutoTokenizer, AutoModelForCausalLM"
    },
    {
      "time": 1759661712398,
      "text": "AUREX (AI error): Traceback (most recent call last):   File \"/data/data/com.termux/files/home/wa-ai/ai_query.py\", line 3, in <module>     from transformers import AutoTokenizer, AutoModelForCausalLM"
    },
    {
      "time": 1759661713342,
      "text": "AUREX (AI error): Traceback (most recent call last):   File \"/data/data/com.termux/files/home/wa-ai/ai_query.py\", line 3, in <module>     from transformers import AutoTokenizer, AutoModelForCausalLM"
    },
    {
      "time": 1759661714214,
      "text": "AUREX (AI error): Traceback (most recent call last):   File \"/data/data/com.termux/files/home/wa-ai/ai_query.py\", line 3, in <module>     from transformers import AutoTokenizer, AutoModelForCausalLM"
    },
    {
      "time": 1759661715110,
      "text": "AUREX (AI error): Traceback (most recent call last):   File \"/data/data/com.termux/files/home/wa-ai/ai_query.py\", line 3, in <module>     from transformers import AutoTokenizer, AutoModelForCausalLM"
    },
    {
      "time": 1759661715989,
      "text": "AUREX (AI error): Traceback (most recent call last):   File \"/data/data/com.termux/files/home/wa-ai/ai_query.py\", line 3, in <module>     from transformers import AutoTokenizer, AutoModelForCausalLM"
    },
    {
      "time": 1759661716849,
      "text": "AUREX (AI error): Traceback (most recent call last):   File \"/data/data/com.termux/files/home/wa-ai/ai_query.py\", line 3, in <module>     from transformers import AutoTokenizer, AutoModelForCausalLM"
    },
    {
      "time": 1759661717741,
      "text": "AUREX (AI error): Traceback (most recent call last):   File \"/data/data/com.termux/files/home/wa-ai/ai_query.py\", line 3, in <module>     from transformers import AutoTokenizer, AutoModelForCausalLM"
    },
    {
      "time": 1759661718684,
      "text": "AUREX (AI error): Traceback (most recent call last):   File \"/data/data/com.termux/files/home/wa-ai/ai_query.py\", line 3, in <module>     from transformers import AutoTokenizer, AutoModelForCausalLM"
    },
    {
      "time": 1759661719640,
      "text": "AUREX (AI error): Traceback (most recent call last):   File \"/data/data/com.termux/files/home/wa-ai/ai_query.py\", line 3, in <module>     from transformers import AutoTokenizer, AutoModelForCausalLM"
    },
    {
      "time": 1759661719904,
      "text": "/startai"
    },
    {
      "time": 1759661719987,
      "text": "AUREX (AI error): Traceback (most recent call last):   File \"/data/data/com.termux/files/home/wa-ai/ai_query.py\", line 3, in <module>     from transformers import AutoTokenizer, AutoModelForCausalLM"
    },
    {
      "time": 1759661720192,
      "text": "👋 Halo! Saya AUREX.\nSebelum mulai, ketikkan nama kamu (mis: Barzss) atau data singkat (nama\\nusia\\nkota)."
    },
    {
      "time": 1759661720271,
      "text": "✅ Terima kasih! Data kamu tersimpan sebagai: *AUREX (AI error): Traceback (most recent call last):   File \"/data/data/com.termux/files/home/wa-ai/ai_query.py\", line 3, in <module>     from transformers import AutoTokenizer, AutoModelForCausalLM*.\nSekarang kamu bisa pakai AUREX."
    },
    {
      "time": 1759661720520,
      "text": "AUREX (AI error): Traceback (most recent call last):   File \"/data/data/com.termux/files/home/wa-ai/ai_query.py\", line 3, in <module>     from transformers import AutoTokenizer, AutoModelForCausalLM"
    },
    {
      "time": 1759661720617,
      "text": "AUREX (AI error): Traceback (most recent call last):   File \"/data/data/com.termux/files/home/wa-ai/ai_query.py\", line 3, in <module>     from transformers import AutoTokenizer, AutoModelForCausalLM"
    },
    {
      "time": 1759661720879,
      "text": "AUREX (AI error): Traceback (most recent call last):   File \"/data/data/com.termux/files/home/wa-ai/ai_query.py\", line 3, in <module>     from transformers import AutoTokenizer, AutoModelForCausalLM"
    },
    {
      "time": 1759661720997,
      "text": "AUREX (AI error): Traceback (most recent call last):   File \"/data/data/com.termux/files/home/wa-ai/ai_query.py\", line 3, in <module>     from transformers import AutoTokenizer, AutoModelForCausalLM"
    },
    {
      "time": 1759661721221,
      "text": "AUREX (AI error): Traceback (most recent call last):   File \"/data/data/com.termux/files/home/wa-ai/ai_query.py\", line 3, in <module>     from transformers import AutoTokenizer, AutoModelForCausalLM"
    },
    {
      "time": 1759661721336,
      "text": "AUREX (AI error): Traceback (most recent call last):   File \"/data/data/com.termux/files/home/wa-ai/ai_query.py\", line 3, in <module>     from transformers import AutoTokenizer, AutoModelForCausalLM"
    },
    {
      "time": 1759661721625,
      "text": "AUREX (AI error): Traceback (most recent call last):   File \"/data/data/com.termux/files/home/wa-ai/ai_query.py\", line 3, in <module>     from transformers import AutoTokenizer, AutoModelForCausalLM"
    },
    {
      "time": 1759661721690,
      "text": "AUREX (AI error): Traceback (most recent call last):   File \"/data/data/com.termux/files/home/wa-ai/ai_query.py\", line 3, in <module>     from transformers import AutoTokenizer, AutoModelForCausalLM"
    },
    {
      "time": 1759661721967,
      "text": "AUREX (AI error): Traceback (most recent call last):   File \"/data/data/com.termux/files/home/wa-ai/ai_query.py\", line 3, in <module>     from transformers import AutoTokenizer, AutoModelForCausalLM"
    },
    {
      "time": 1759661722067,
      "text": "AUREX (AI error): Traceback (most recent call last):   File \"/data/data/com.termux/files/home/wa-ai/ai_query.py\", line 3, in <module>     from transformers import AutoTokenizer, AutoModelForCausalLM"
    },
    {
      "time": 1759661722345,
      "text": "AUREX (AI error): Traceback (most recent call last):   File \"/data/data/com.termux/files/home/wa-ai/ai_query.py\", line 3, in <module>     from transformers import AutoTokenizer, AutoModelForCausalLM"
    },
    {
      "time": 1759661722413,
      "text": "AUREX (AI error): Traceback (most recent call last):   File \"/data/data/com.termux/files/home/wa-ai/ai_query.py\", line 3, in <module>     from transformers import AutoTokenizer, AutoModelForCausalLM"
    },
    {
      "time": 1759661722706,
      "text": "AUREX (AI error): Traceback (most recent call last):   File \"/data/data/com.termux/files/home/wa-ai/ai_query.py\", line 3, in <module>     from transformers import AutoTokenizer, AutoModelForCausalLM"
    },
    {
      "time": 1759661722805,
      "text": "AUREX (AI error): Traceback (most recent call last):   File \"/data/data/com.termux/files/home/wa-ai/ai_query.py\", line 3, in <module>     from transformers import AutoTokenizer, AutoModelForCausalLM"
    },
    {
      "time": 1759661723071,
      "text": "AUREX (AI error): Traceback (most recent call last):   File \"/data/data/com.termux/files/home/wa-ai/ai_query.py\", line 3, in <module>     from transformers import AutoTokenizer, AutoModelForCausalLM"
    },
    {
      "time": 1759661723167,
      "text": "AUREX (AI error): Traceback (most recent call last):   File \"/data/data/com.termux/files/home/wa-ai/ai_query.py\", line 3, in <module>     from transformers import AutoTokenizer, AutoModelForCausalLM"
    },
    {
      "time": 1759661723455,
      "text": "AUREX (AI error): Traceback (most recent call last):   File \"/data/data/com.termux/files/home/wa-ai/ai_query.py\", line 3, in <module>     from transformers import AutoTokenizer, AutoModelForCausalLM"
    },
    {
      "time": 1759661723634,
      "text": "AUREX (AI error): Traceback (most recent call last):   File \"/data/data/com.termux/files/home/wa-ai/ai_query.py\", line 3, in <module>     from transformers import AutoTokenizer, AutoModelForCausalLM"
    },
    {
      "time": 1759661723955,
      "text": "AUREX (AI error): Traceback (most recent call last):   File \"/data/data/com.termux/files/home/wa-ai/ai_query.py\", line 3, in <module>     from transformers import AutoTokenizer, AutoModelForCausalLM"
    },
    {
      "time": 1759661724042,
      "text": "AUREX (AI error): Traceback (most recent call last):   File \"/data/data/com.termux/files/home/wa-ai/ai_query.py\", line 3, in <module>     from transformers import AutoTokenizer, AutoModelForCausalLM"
    },
    {
      "time": 1759661724340,
      "text": "AUREX (AI error): Traceback (most recent call last):   File \"/data/data/com.termux/files/home/wa-ai/ai_query.py\", line 3, in <module>     from transformers import AutoTokenizer, AutoModelForCausalLM"
    },
    {
      "time": 1759661724400,
      "text": "AUREX (AI error): Traceback (most recent call last):   File \"/data/data/com.termux/files/home/wa-ai/ai_query.py\", line 3, in <module>     from transformers import AutoTokenizer, AutoModelForCausalLM"
    },
    {
      "time": 1759661724851,
      "text": "AUREX (AI error): Traceback (most recent call last):   File \"/data/data/com.termux/files/home/wa-ai/ai_query.py\", line 3, in <module>     from transformers import AutoTokenizer, AutoModelForCausalLM"
    },
    {
      "time": 1759661725208,
      "text": "AUREX (AI error): Traceback (most recent call last):   File \"/data/data/com.termux/files/home/wa-ai/ai_query.py\", line 3, in <module>     from transformers import AutoTokenizer, AutoModelForCausalLM"
    },
    {
      "time": 1759661725773,
      "text": "AUREX (AI error): Traceback (most recent call last):   File \"/data/data/com.termux/files/home/wa-ai/ai_query.py\", line 3, in <module>     from transformers import AutoTokenizer, AutoModelForCausalLM"
    },
    {
      "time": 1759661726142,
      "text": "AUREX (AI error): Traceback (most recent call last):   File \"/data/data/com.termux/files/home/wa-ai/ai_query.py\", line 3, in <module>     from transformers import AutoTokenizer, AutoModelForCausalLM"
    },
    {
      "time": 1759661726648,
      "text": "AUREX (AI error): Traceback (most recent call last):   File \"/data/data/com.termux/files/home/wa-ai/ai_query.py\", line 3, in <module>     from transformers import AutoTokenizer, AutoModelForCausalLM"
    },
    {
      "time": 1759661727018,
      "text": "AUREX (AI error): Traceback (most recent call last):   File \"/data/data/com.termux/files/home/wa-ai/ai_query.py\", line 3, in <module>     from transformers import AutoTokenizer, AutoModelForCausalLM"
    },
    {
      "time": 1759661727536,
      "text": "AUREX (AI error): Traceback (most recent call last):   File \"/data/data/com.termux/files/home/wa-ai/ai_query.py\", line 3, in <module>     from transformers import AutoTokenizer, AutoModelForCausalLM"
    },
    {
      "time": 1759661727900,
      "text": "AUREX (AI error): Traceback (most recent call last):   File \"/data/data/com.termux/files/home/wa-ai/ai_query.py\", line 3, in <module>     from transformers import AutoTokenizer, AutoModelForCausalLM"
    },
    {
      "time": 1759661728411,
      "text": "AUREX (AI error): Traceback (most recent call last):   File \"/data/data/com.termux/files/home/wa-ai/ai_query.py\", line 3, in <module>     from transformers import AutoTokenizer, AutoModelForCausalLM"
    },
    {
      "time": 1759661728776,
      "text": "AUREX (AI error): Traceback (most recent call last):   File \"/data/data/com.termux/files/home/wa-ai/ai_query.py\", line 3, in <module>     from transformers import AutoTokenizer, AutoModelForCausalLM"
    },
    {
      "time": 1759661729290,
      "text": "AUREX (AI error): Traceback (most recent call last):   File \"/data/data/com.termux/files/home/wa-ai/ai_query.py\", line 3, in <module>     from transformers import AutoTokenizer, AutoModelForCausalLM"
    },
    {
      "time": 1759661729657,
      "text": "AUREX (AI error): Traceback (most recent call last):   File \"/data/data/com.termux/files/home/wa-ai/ai_query.py\", line 3, in <module>     from transformers import AutoTokenizer, AutoModelForCausalLM"
    },
    {
      "time": 1759661730154,
      "text": "AUREX (AI error): Traceback (most recent call last):   File \"/data/data/com.termux/files/home/wa-ai/ai_query.py\", line 3, in <module>     from transformers import AutoTokenizer, AutoModelForCausalLM"
    },
    {
      "time": 1759661730540,
      "text": "AUREX (AI error): Traceback (most recent call last):   File \"/data/data/com.termux/files/home/wa-ai/ai_query.py\", line 3, in <module>     from transformers import AutoTokenizer, AutoModelForCausalLM"
    },
    {
      "time": 1759661731031,
      "text": "AUREX (AI error): Traceback (most recent call last):   File \"/data/data/com.termux/files/home/wa-ai/ai_query.py\", line 3, in <module>     from transformers import AutoTokenizer, AutoModelForCausalLM"
    },
    {
      "time": 1759661731462,
      "text": "AUREX (AI error): Traceback (most recent call last):   File \"/data/data/com.termux/files/home/wa-ai/ai_query.py\", line 3, in <module>     from transformers import AutoTokenizer, AutoModelForCausalLM"
    },
    {
      "time": 1759661731899,
      "text": "AUREX (AI error): Traceback (most recent call last):   File \"/data/data/com.termux/files/home/wa-ai/ai_query.py\", line 3, in <module>     from transformers import AutoTokenizer, AutoModelForCausalLM"
    },
    {
      "time": 1759661732328,
      "text": "AUREX (AI error): Traceback (most recent call last):   File \"/data/data/com.termux/files/home/wa-ai/ai_query.py\", line 3, in <module>     from transformers import AutoTokenizer, AutoModelForCausalLM"
    },
    {
      "time": 1759661732768,
      "text": "AUREX (AI error): Traceback (most recent call last):   File \"/data/data/com.termux/files/home/wa-ai/ai_query.py\", line 3, in <module>     from transformers import AutoTokenizer, AutoModelForCausalLM"
    },
    {
      "time": 1759661733201,
      "text": "AUREX (AI error): Traceback (most recent call last):   File \"/data/data/com.termux/files/home/wa-ai/ai_query.py\", line 3, in <module>     from transformers import AutoTokenizer, AutoModelForCausalLM"
    },
    {
      "time": 1759661733633,
      "text": "AUREX (AI error): Traceback (most recent call last):   File \"/data/data/com.termux/files/home/wa-ai/ai_query.py\", line 3, in <module>     from transformers import AutoTokenizer, AutoModelForCausalLM"
    },
    {
      "time": 1759661734079,
      "text": "AUREX (AI error): Traceback (most recent call last):   File \"/data/data/com.termux/files/home/wa-ai/ai_query.py\", line 3, in <module>     from transformers import AutoTokenizer, AutoModelForCausalLM"
    },
    {
      "time": 1759661734506,
      "text": "AUREX (AI error): Traceback (most recent call last):   File \"/data/data/com.termux/files/home/wa-ai/ai_query.py\", line 3, in <module>     from transformers import AutoTokenizer, AutoModelForCausalLM"
    },
    {
      "time": 1759661734962,
      "text": "AUREX (AI error): Traceback (most recent call last):   File \"/data/data/com.termux/files/home/wa-ai/ai_query.py\", line 3, in <module>     from transformers import AutoTokenizer, AutoModelForCausalLM"
    },
    {
      "time": 1759661735389,
      "text": "AUREX (AI error): Traceback (most recent call last):   File \"/data/data/com.termux/files/home/wa-ai/ai_query.py\", line 3, in <module>     from transformers import AutoTokenizer, AutoModelForCausalLM"
    },
    {
      "time": 1759661735826,
      "text": "AUREX (AI error): Traceback (most recent call last):   File \"/data/data/com.termux/files/home/wa-ai/ai_query.py\", line 3, in <module>     from transformers import AutoTokenizer, AutoModelForCausalLM"
    },
    {
      "time": 1759661736253,
      "text": "AUREX (AI error): Traceback (most recent call last):   File \"/data/data/com.termux/files/home/wa-ai/ai_query.py\", line 3, in <module>     from transformers import AutoTokenizer, AutoModelForCausalLM"
    },
    {
      "time": 1759661736687,
      "text": "AUREX (AI error): Traceback (most recent call last):   File \"/data/data/com.termux/files/home/wa-ai/ai_query.py\", line 3, in <module>     from transformers import AutoTokenizer, AutoModelForCausalLM"
    },
    {
      "time": 1759661737120,
      "text": "AUREX (AI error): Traceback (most recent call last):   File \"/data/data/com.termux/files/home/wa-ai/ai_query.py\", line 3, in <module>     from transformers import AutoTokenizer, AutoModelForCausalLM"
    },
    {
      "time": 1759661737547,
      "text": "AUREX (AI error): Traceback (most recent call last):   File \"/data/data/com.termux/files/home/wa-ai/ai_query.py\", line 3, in <module>     from transformers import AutoTokenizer, AutoModelForCausalLM"
    },
    {
      "time": 1759661737990,
      "text": "AUREX (AI error): Traceback (most recent call last):   File \"/data/data/com.termux/files/home/wa-ai/ai_query.py\", line 3, in <module>     from transformers import AutoTokenizer, AutoModelForCausalLM"
    },
    {
      "time": 1759661738416,
      "text": "AUREX (AI error): Traceback (most recent call last):   File \"/data/data/com.termux/files/home/wa-ai/ai_query.py\", line 3, in <module>     from transformers import AutoTokenizer, AutoModelForCausalLM"
    },
    {
      "time": 1759661738846,
      "text": "AUREX (AI error): Traceback (most recent call last):   File \"/data/data/com.termux/files/home/wa-ai/ai_query.py\", line 3, in <module>     from transformers import AutoTokenizer, AutoModelForCausalLM"
    },
    {
      "time": 1759661739280,
      "text": "AUREX (AI error): Traceback (most recent call last):   File \"/data/data/com.termux/files/home/wa-ai/ai_query.py\", line 3, in <module>     from transformers import AutoTokenizer, AutoModelForCausalLM"
    },
    {
      "time": 1759661739726,
      "text": "AUREX (AI error): Traceback (most recent call last):   File \"/data/data/com.termux/files/home/wa-ai/ai_query.py\", line 3, in <module>     from transformers import AutoTokenizer, AutoModelForCausalLM"
    },
    {
      "time": 1759661740156,
      "text": "AUREX (AI error): Traceback (most recent call last):   File \"/data/data/com.termux/files/home/wa-ai/ai_query.py\", line 3, in <module>     from transformers import AutoTokenizer, AutoModelForCausalLM"
    },
    {
      "time": 1759661740592,
      "text": "AUREX (AI error): Traceback (most recent call last):   File \"/data/data/com.termux/files/home/wa-ai/ai_query.py\", line 3, in <module>     from transformers import AutoTokenizer, AutoModelForCausalLM"
    },
    {
      "time": 1759661741026,
      "text": "AUREX (AI error): Traceback (most recent call last):   File \"/data/data/com.termux/files/home/wa-ai/ai_query.py\", line 3, in <module>     from transformers import AutoTokenizer, AutoModelForCausalLM"
    },
    {
      "time": 1759661741457,
      "text": "AUREX (AI error): Traceback (most recent call last):   File \"/data/data/com.termux/files/home/wa-ai/ai_query.py\", line 3, in <module>     from transformers import AutoTokenizer, AutoModelForCausalLM"
    },
    {
      "time": 1759661741886,
      "text": "AUREX (AI error): Traceback (most recent call last):   File \"/data/data/com.termux/files/home/wa-ai/ai_query.py\", line 3, in <module>     from transformers import AutoTokenizer, AutoModelForCausalLM"
    },
    {
      "time": 1759661742318,
      "text": "AUREX (AI error): Traceback (most recent call last):   File \"/data/data/com.termux/files/home/wa-ai/ai_query.py\", line 3, in <module>     from transformers import AutoTokenizer, AutoModelForCausalLM"
    },
    {
      "time": 1759661742761,
      "text": "AUREX (AI error): Traceback (most recent call last):   File \"/data/data/com.termux/files/home/wa-ai/ai_query.py\", line 3, in <module>     from transformers import AutoTokenizer, AutoModelForCausalLM"
    },
    {
      "time": 1759661743233,
      "text": "AUREX (AI error): Traceback (most recent call last):   File \"/data/data/com.termux/files/home/wa-ai/ai_query.py\", line 3, in <module>     from transformers import AutoTokenizer, AutoModelForCausalLM"
    },
    {
      "time": 1759661743657,
      "text": "AUREX (AI error): Traceback (most recent call last):   File \"/data/data/com.termux/files/home/wa-ai/ai_query.py\", line 3, in <module>     from transformers import AutoTokenizer, AutoModelForCausalLM"
    },
    {
      "time": 1759661744124,
      "text": "AUREX (AI error): Traceback (most recent call last):   File \"/data/data/com.termux/files/home/wa-ai/ai_query.py\", line 3, in <module>     from transformers import AutoTokenizer, AutoModelForCausalLM"
    },
    {
      "time": 1759661744536,
      "text": "AUREX (AI error): Traceback (most recent call last):   File \"/data/data/com.termux/files/home/wa-ai/ai_query.py\", line 3, in <module>     from transformers import AutoTokenizer, AutoModelForCausalLM"
    },
    {
      "time": 1759661744972,
      "text": "AUREX (AI error): Traceback (most recent call last):   File \"/data/data/com.termux/files/home/wa-ai/ai_query.py\", line 3, in <module>     from transformers import AutoTokenizer, AutoModelForCausalLM"
    },
    {
      "time": 1759661745396,
      "text": "AUREX (AI error): Traceback (most recent call last):   File \"/data/data/com.termux/files/home/wa-ai/ai_query.py\", line 3, in <module>     from transformers import AutoTokenizer, AutoModelForCausalLM"
    },
    {
      "time": 1759661745830,
      "text": "AUREX (AI error): Traceback (most recent call last):   File \"/data/data/com.termux/files/home/wa-ai/ai_query.py\", line 3, in <module>     from transformers import AutoTokenizer, AutoModelForCausalLM"
    },
    {
      "time": 1759661746258,
      "text": "AUREX (AI error): Traceback (most recent call last):   File \"/data/data/com.termux/files/home/wa-ai/ai_query.py\", line 3, in <module>     from transformers import AutoTokenizer, AutoModelForCausalLM"
    },
    {
      "time": 1759661746700,
      "text": "AUREX (AI error): Traceback (most recent call last):   File \"/data/data/com.termux/files/home/wa-ai/ai_query.py\", line 3, in <module>     from transformers import AutoTokenizer, AutoModelForCausalLM"
    },
    {
      "time": 1759661747112,
      "text": "AUREX (AI error): Traceback (most recent call last):   File \"/data/data/com.termux/files/home/wa-ai/ai_query.py\", line 3, in <module>     from transformers import AutoTokenizer, AutoModelForCausalLM"
    },
    {
      "time": 1759661747572,
      "text": "AUREX (AI error): Traceback (most recent call last):   File \"/data/data/com.termux/files/home/wa-ai/ai_query.py\", line 3, in <module>     from transformers import AutoTokenizer, AutoModelForCausalLM"
    },
    {
      "time": 1759661747981,
      "text": "AUREX (AI error): Traceback (most recent call last):   File \"/data/data/com.termux/files/home/wa-ai/ai_query.py\", line 3, in <module>     from transformers import AutoTokenizer, AutoModelForCausalLM"
    },
    {
      "time": 1759661748523,
      "text": "AUREX (AI error): Traceback (most recent call last):   File \"/data/data/com.termux/files/home/wa-ai/ai_query.py\", line 3, in <module>     from transformers import AutoTokenizer, AutoModelForCausalLM"
    },
    {
      "time": 1759661749399,
      "text": "AUREX (AI error): Traceback (most recent call last):   File \"/data/data/com.termux/files/home/wa-ai/ai_query.py\", line 3, in <module>     from transformers import AutoTokenizer, AutoModelForCausalLM"
    },
    {
      "time": 1759661750241,
      "text": "AUREX (AI error): Traceback (most recent call last):   File \"/data/data/com.termux/files/home/wa-ai/ai_query.py\", line 3, in <module>     from transformers import AutoTokenizer, AutoModelForCausalLM"
    },
    {
      "time": 1759661751166,
      "text": "AUREX (AI error): Traceback (most recent call last):   File \"/data/data/com.termux/files/home/wa-ai/ai_query.py\", line 3, in <module>     from transformers import AutoTokenizer, AutoModelForCausalLM"
    },
    {
      "time": 1759661752078,
      "text": "AUREX (AI error): Traceback (most recent call last):   File \"/data/data/com.termux/files/home/wa-ai/ai_query.py\", line 3, in <module>     from transformers import AutoTokenizer, AutoModelForCausalLM"
    },
    {
      "time": 1759661753098,
      "text": "AUREX (AI error): Traceback (most recent call last):   File \"/data/data/com.termux/files/home/wa-ai/ai_query.py\", line 3, in <module>     from transformers import AutoTokenizer, AutoModelForCausalLM"
    },
    {
      "time": 1759661754011,
      "text": "AUREX (AI error): Traceback (most recent call last):   File \"/data/data/com.termux/files/home/wa-ai/ai_query.py\", line 3, in <module>     from transformers import AutoTokenizer, AutoModelForCausalLM"
    },
    {
      "time": 1759661754867,
      "text": "AUREX (AI error): Traceback (most recent call last):   File \"/data/data/com.termux/files/home/wa-ai/ai_query.py\", line 3, in <module>     from transformers import AutoTokenizer, AutoModelForCausalLM"
    },
    {
      "time": 1759661755760,
      "text": "AUREX (AI error): Traceback (most recent call last):   File \"/data/data/com.termux/files/home/wa-ai/ai_query.py\", line 3, in <module>     from transformers import AutoTokenizer, AutoModelForCausalLM"
    },
    {
      "time": 1759661756670,
      "text": "AUREX (AI error): Traceback (most recent call last):   File \"/data/data/com.termux/files/home/wa-ai/ai_query.py\", line 3, in <module>     from transformers import AutoTokenizer, AutoModelForCausalLM"
    },
    {
      "time": 1759661757517,
      "text": "AUREX (AI error): Traceback (most recent call last):   File \"/data/data/com.termux/files/home/wa-ai/ai_query.py\", line 3, in <module>     from transformers import AutoTokenizer, AutoModelForCausalLM"
    }
  ],
  "6283869651799@s.whatsapp.net": [
    {
      "time": 1759664154868,
      "text": "Hai"
    },
    {
      "time": 1759667576454,
      "text": "/help"
    },
    {
      "time": 1759667578783,
      "text": "📖 *Bantuan AUREX*\n\n/startai → Mulai AI\n/history → Riwayat chat\n/traktir [jumlah] → Traktir\n/leaderboard → TOP 10\n/aiinfo → Info AI\n/help → Bantuan\n📞 Admin: https://wa.me/+6283869651799"
    },
    {
      "time": 1759667580057,
      "text": "AUREX (AI error): Traceback (most recent call last):   File \"/data/data/com.termux/files/home/wa-ai/ai_query.py\", line 3, in <module>     from transformers import AutoTokenizer, AutoModelForCausalLM ModuleNotFoundError: No module named 'transformers'"
    },
    {
      "time": 1759667581490,
      "text": "AUREX (AI error): Traceback (most recent call last):   File \"/data/data/com.termux/files/home/wa-ai/ai_query.py\", line 3, in <module>     from transformers import AutoTokenizer, AutoModelForCausalLM ModuleNotFoundError: No module named 'transformers'"
    },
    {
      "time": 1759667582727,
      "text": "AUREX (AI error): Traceback (most recent call last):   File \"/data/data/com.termux/files/home/wa-ai/ai_query.py\", line 3, in <module>     from transformers import AutoTokenizer, AutoModelForCausalLM ModuleNotFoundError: No module named 'transformers'"
    },
    {
      "time": 1759667583934,
      "text": "AUREX (AI error): Traceback (most recent call last):   File \"/data/data/com.termux/files/home/wa-ai/ai_query.py\", line 3, in <module>     from transformers import AutoTokenizer, AutoModelForCausalLM ModuleNotFoundError: No module named 'transformers'"
    },
    {
      "time": 1759667585146,
      "text": "AUREX (AI error): Traceback (most recent call last):   File \"/data/data/com.termux/files/home/wa-ai/ai_query.py\", line 3, in <module>     from transformers import AutoTokenizer, AutoModelForCausalLM ModuleNotFoundError: No module named 'transformers'"
    },
    {
      "time": 1759667586392,
      "text": "AUREX (AI error): Traceback (most recent call last):   File \"/data/data/com.termux/files/home/wa-ai/ai_query.py\", line 3, in <module>     from transformers import AutoTokenizer, AutoModelForCausalLM ModuleNotFoundError: No module named 'transformers'"
    },
    {
      "time": 1759667587662,
      "text": "AUREX (AI error): Traceback (most recent call last):   File \"/data/data/com.termux/files/home/wa-ai/ai_query.py\", line 3, in <module>     from transformers import AutoTokenizer, AutoModelForCausalLM ModuleNotFoundError: No module named 'transformers'"
    },
    {
      "time": 1759667588917,
      "text": "AUREX (AI error): Traceback (most recent call last):   File \"/data/data/com.termux/files/home/wa-ai/ai_query.py\", line 3, in <module>     from transformers import AutoTokenizer, AutoModelForCausalLM ModuleNotFoundError: No module named 'transformers'"
    },
    {
      "time": 1759667590152,
      "text": "AUREX (AI error): Traceback (most recent call last):   File \"/data/data/com.termux/files/home/wa-ai/ai_query.py\", line 3, in <module>     from transformers import AutoTokenizer, AutoModelForCausalLM ModuleNotFoundError: No module named 'transformers'"
    },
    {
      "time": 1759667591367,
      "text": "AUREX (AI error): Traceback (most recent call last):   File \"/data/data/com.termux/files/home/wa-ai/ai_query.py\", line 3, in <module>     from transformers import AutoTokenizer, AutoModelForCausalLM ModuleNotFoundError: No module named 'transformers'"
    },
    {
      "time": 1759667592619,
      "text": "AUREX (AI error): Traceback (most recent call last):   File \"/data/data/com.termux/files/home/wa-ai/ai_query.py\", line 3, in <module>     from transformers import AutoTokenizer, AutoModelForCausalLM ModuleNotFoundError: No module named 'transformers'"
    },
    {
      "time": 1759667593855,
      "text": "AUREX (AI error): Traceback (most recent call last):   File \"/data/data/com.termux/files/home/wa-ai/ai_query.py\", line 3, in <module>     from transformers import AutoTokenizer, AutoModelForCausalLM ModuleNotFoundError: No module named 'transformers'"
    },
    {
      "time": 1759667595093,
      "text": "AUREX (AI error): Traceback (most recent call last):   File \"/data/data/com.termux/files/home/wa-ai/ai_query.py\", line 3, in <module>     from transformers import AutoTokenizer, AutoModelForCausalLM ModuleNotFoundError: No module named 'transformers'"
    }
  ]
}